file_path,file_name,dir_name,extension,size_mb,modified_time,sc_file_class,is_sc_candidate,is_metadata_candidate,detected_target_genes_in_preview,n_detected_target_genes_in_preview,possible_metadata_table
/Users/felix/Documents/Sepsis_CrossCohort_scRNA/02_processed_data/eset_rds/GSE137340_expr_matrix_numeric.rds,GSE137340_expr_matrix_numeric.rds,/Users/felix/Documents/Sepsis_CrossCohort_scRNA/02_processed_data/eset_rds,rds,18.091,2026-05-06 23:44:14.32498,rds_possible_seurat_or_sce,TRUE,FALSE,,,FALSE
/Users/felix/Documents/Sepsis_CrossCohort_scRNA/02_processed_data/eset_rds/GSE137340_series_matrix_eset.rds,GSE137340_series_matrix_eset.rds,/Users/felix/Documents/Sepsis_CrossCohort_scRNA/02_processed_data/eset_rds,rds,29.084,2026-05-06 23:44:13.717929,rds_possible_seurat_or_sce,TRUE,FALSE,,,FALSE
/Users/felix/Documents/Sepsis_CrossCohort_scRNA/02_processed_data/eset_rds/GSE236713_expr_matrix_numeric.rds,GSE236713_expr_matrix_numeric.rds,/Users/felix/Documents/Sepsis_CrossCohort_scRNA/02_processed_data/eset_rds,rds,157.679,2026-05-06 23:44:49.898033,rds_possible_seurat_or_sce,TRUE,FALSE,,,FALSE
/Users/felix/Documents/Sepsis_CrossCohort_scRNA/02_processed_data/eset_rds/GSE236713_series_matrix_eset.rds,GSE236713_series_matrix_eset.rds,/Users/felix/Documents/Sepsis_CrossCohort_scRNA/02_processed_data/eset_rds,rds,164.286,2026-05-06 23:44:46.200234,rds_possible_seurat_or_sce,TRUE,FALSE,,,FALSE
/Users/felix/Documents/Sepsis_CrossCohort_scRNA/02_processed_data/eset_rds/GSE54514_expr_matrix_numeric.rds,GSE54514_expr_matrix_numeric.rds,/Users/felix/Documents/Sepsis_CrossCohort_scRNA/02_processed_data/eset_rds,rds,20.479,2026-05-06 23:43:16.187806,rds_possible_seurat_or_sce,TRUE,FALSE,,,FALSE
/Users/felix/Documents/Sepsis_CrossCohort_scRNA/02_processed_data/eset_rds/GSE54514_series_matrix_eset.rds,GSE54514_series_matrix_eset.rds,/Users/felix/Documents/Sepsis_CrossCohort_scRNA/02_processed_data/eset_rds,rds,24.397,2026-05-06 23:43:15.421696,rds_possible_seurat_or_sce,TRUE,FALSE,,,FALSE
/Users/felix/Documents/Sepsis_CrossCohort_scRNA/02_processed_data/eset_rds/GSE57065_expr_matrix_numeric.rds,GSE57065_expr_matrix_numeric.rds,/Users/felix/Documents/Sepsis_CrossCohort_scRNA/02_processed_data/eset_rds,rds,25.753,2026-05-06 23:43:28.211873,rds_possible_seurat_or_sce,TRUE,FALSE,,,FALSE
/Users/felix/Documents/Sepsis_CrossCohort_scRNA/02_processed_data/eset_rds/GSE57065_series_matrix_eset.rds,GSE57065_series_matrix_eset.rds,/Users/felix/Documents/Sepsis_CrossCohort_scRNA/02_processed_data/eset_rds,rds,35.69,2026-05-06 23:43:27.461571,rds_possible_seurat_or_sce,TRUE,FALSE,,,FALSE
/Users/felix/Documents/Sepsis_CrossCohort_scRNA/02_processed_data/eset_rds/GSE65682_expr_matrix_numeric.rds,GSE65682_expr_matrix_numeric.rds,/Users/felix/Documents/Sepsis_CrossCohort_scRNA/02_processed_data/eset_rds,rds,141.994,2026-05-06 23:43:11.929461,rds_possible_seurat_or_sce,TRUE,FALSE,,,FALSE
/Users/felix/Documents/Sepsis_CrossCohort_scRNA/02_processed_data/eset_rds/GSE65682_series_matrix_eset.rds,GSE65682_series_matrix_eset.rds,/Users/felix/Documents/Sepsis_CrossCohort_scRNA/02_processed_data/eset_rds,rds,153.255,2026-05-06 23:43:08.79774,rds_possible_seurat_or_sce,TRUE,FALSE,,,FALSE
/Users/felix/Documents/Sepsis_CrossCohort_scRNA/02_processed_data/eset_rds/GSE95233_expr_matrix_numeric.rds,GSE95233_expr_matrix_numeric.rds,/Users/felix/Documents/Sepsis_CrossCohort_scRNA/02_processed_data/eset_rds,rds,48.63,2026-05-06 23:43:22.855381,rds_possible_seurat_or_sce,TRUE,FALSE,,,FALSE
/Users/felix/Documents/Sepsis_CrossCohort_scRNA/02_processed_data/eset_rds/GSE95233_series_matrix_eset.rds,GSE95233_series_matrix_eset.rds,/Users/felix/Documents/Sepsis_CrossCohort_scRNA/02_processed_data/eset_rds,rds,58.565,2026-05-06 23:43:21.754498,rds_possible_seurat_or_sce,TRUE,FALSE,,,FALSE
/Users/felix/Documents/Sepsis_CrossCohort_scRNA/02_clean_data/analysis_ready/combat_expr_DE_fixed.rds,combat_expr_DE_fixed.rds,/Users/felix/Documents/Sepsis_CrossCohort_scRNA/02_clean_data/analysis_ready,rds,0.138,2026-05-06 22:00:15.597736,rds_possible_seurat_or_sce,TRUE,FALSE,,,FALSE
/Users/felix/Documents/Sepsis_CrossCohort_scRNA/02_clean_data/analysis_ready/combat_expr_DE.rds,combat_expr_DE.rds,/Users/felix/Documents/Sepsis_CrossCohort_scRNA/02_clean_data/analysis_ready,rds,0.138,2026-05-06 21:32:51.419481,rds_possible_seurat_or_sce,TRUE,FALSE,,,FALSE
/Users/felix/Documents/Sepsis_CrossCohort_scRNA/02_clean_data/analysis_ready/merged_expr_DE.rds,merged_expr_DE.rds,/Users/felix/Documents/Sepsis_CrossCohort_scRNA/02_clean_data/analysis_ready,rds,5.747,2026-05-06 21:06:18.623421,rds_possible_seurat_or_sce,TRUE,FALSE,,,FALSE
/Users/felix/Documents/Sepsis_CrossCohort_scRNA/02_clean_data/analysis_ready/merged_pheno_DE_fixed.rds,merged_pheno_DE_fixed.rds,/Users/felix/Documents/Sepsis_CrossCohort_scRNA/02_clean_data/analysis_ready,rds,0,2026-05-06 22:00:15.598217,rds_possible_seurat_or_sce,TRUE,FALSE,,,FALSE
/Users/felix/Documents/Sepsis_CrossCohort_scRNA/02_clean_data/analysis_ready/merged_pheno_DE.rds,merged_pheno_DE.rds,/Users/felix/Documents/Sepsis_CrossCohort_scRNA/02_clean_data/analysis_ready,rds,0,2026-05-06 21:32:51.420056,rds_possible_seurat_or_sce,TRUE,FALSE,,,FALSE
/Users/felix/Documents/Sepsis_CrossCohort_scRNA/04_results/models/M08_LODO_model_objects.rds,M08_LODO_model_objects.rds,/Users/felix/Documents/Sepsis_CrossCohort_scRNA/04_results/models,rds,0.822,2026-05-07 22:31:47.240596,rds_possible_seurat_or_sce,TRUE,FALSE,,,FALSE
/Users/felix/Documents/SepSMART_restart/01_data_raw/GSE26378/GSE26378_eset.rds,GSE26378_eset.rds,/Users/felix/Documents/SepSMART_restart/01_data_raw/GSE26378,rds,21.334,2026-01-25 14:03:08.409899,rds_possible_seurat_or_sce,TRUE,FALSE,,,FALSE
/Users/felix/Documents/SepSMART_restart/01_data_raw/GSE28750/GSE28750_eset.rds,GSE28750_eset.rds,/Users/felix/Documents/SepSMART_restart/01_data_raw/GSE28750,rds,25.422,2026-01-25 14:03:13.154028,rds_possible_seurat_or_sce,TRUE,FALSE,,,FALSE
/Users/felix/Documents/SepSMART_restart/01_data_raw/GSE65682_single_platform_ExpressionSet.rds,GSE65682_single_platform_ExpressionSet.rds,/Users/felix/Documents/SepSMART_restart/01_data_raw,rds,153.255,2026-01-25 12:49:04.681839,rds_possible_seurat_or_sce,TRUE,FALSE,,,FALSE
/Users/felix/Documents/SepSMART_restart/01_data_raw/GSE65682/GSE65682_eset.rds,GSE65682_eset.rds,/Users/felix/Documents/SepSMART_restart/01_data_raw/GSE65682,rds,153.255,2026-01-25 14:40:38.777599,rds_possible_seurat_or_sce,TRUE,FALSE,,,FALSE
/Users/felix/Documents/SepSMART_restart/02_data_clean/GSE65682_abdo_casecontrol_expr.rds,GSE65682_abdo_casecontrol_expr.rds,/Users/felix/Documents/SepSMART_restart/02_data_clean,rds,7.733,2026-01-25 12:58:35.893646,rds_possible_seurat_or_sce,TRUE,FALSE,,,FALSE
/Users/felix/Documents/SepSMART_restart/02_data_clean/GSE65682_abdo_casecontrol_meta.rds,GSE65682_abdo_casecontrol_meta.rds,/Users/felix/Documents/SepSMART_restart/02_data_clean,rds,0.008,2026-01-25 12:58:35.897112,rds_possible_seurat_or_sce,TRUE,FALSE,,,FALSE
/Users/felix/Documents/SepSMART_restart/02_data_clean/GSE65682_abdo_final_glm_model.rds,GSE65682_abdo_final_glm_model.rds,/Users/felix/Documents/SepSMART_restart/02_data_clean,rds,0.018,2026-01-25 13:08:02.014874,rds_possible_seurat_or_sce,TRUE,FALSE,,,FALSE
/Users/felix/Documents/SepSMART_restart/02_data_clean/GSE65682_abdo_final_lasso_model.rds,GSE65682_abdo_final_lasso_model.rds,/Users/felix/Documents/SepSMART_restart/02_data_clean,rds,0.006,2026-01-25 13:08:02.02841,rds_possible_seurat_or_sce,TRUE,FALSE,,,FALSE
/Users/felix/Documents/SepSMART_restart/02_data_clean/GSE65682_mortality_final_glm_model.rds,GSE65682_mortality_final_glm_model.rds,/Users/felix/Documents/SepSMART_restart/02_data_clean,rds,0.089,2026-01-25 13:24:15.975446,rds_possible_seurat_or_sce,TRUE,FALSE,,,FALSE
/Users/felix/Documents/SepSMART_restart/02_data_clean/GSE65682_mortality_final_lasso_model.rds,GSE65682_mortality_final_lasso_model.rds,/Users/felix/Documents/SepSMART_restart/02_data_clean,rds,0.005,2026-01-25 13:24:15.977364,rds_possible_seurat_or_sce,TRUE,FALSE,,,FALSE
/Users/felix/Documents/SepSMART_restart/02_data_clean/GSE65682_mortality28d_expr.rds,GSE65682_mortality28d_expr.rds,/Users/felix/Documents/SepSMART_restart/02_data_clean,rds,39.622,2026-01-25 12:58:36.92094,rds_possible_seurat_or_sce,TRUE,FALSE,,,FALSE
/Users/felix/Documents/SepSMART_restart/02_data_clean/GSE65682_mortality28d_meta.rds,GSE65682_mortality28d_meta.rds,/Users/felix/Documents/SepSMART_restart/02_data_clean,rds,0.029,2026-01-25 12:58:36.927741,rds_possible_seurat_or_sce,TRUE,FALSE,,,FALSE
/Users/felix/Documents/SepSMART_restart/02_data_clean/GSE65682_single_platform_expr_clean.rds,GSE65682_single_platform_expr_clean.rds,/Users/felix/Documents/SepSMART_restart/02_data_clean,rds,66.308,2026-01-25 12:49:07.763925,rds_possible_seurat_or_sce,TRUE,FALSE,,,FALSE
/Users/felix/Documents/SepSMART_restart/02_data_clean/GSE65682_single_platform_pheno.rds,GSE65682_single_platform_pheno.rds,/Users/felix/Documents/SepSMART_restart/02_data_clean,rds,0.044,2026-01-25 12:49:07.775197,rds_possible_seurat_or_sce,TRUE,FALSE,,,FALSE
/Users/felix/Documents/SepSMART_restart/renv_backup_20260127_221029/library/macos/R-4.5/aarch64-apple-darwin20/renv/help/aliases.rds,aliases.rds,/Users/felix/Documents/SepSMART_restart/renv_backup_20260127_221029/library/macos/R-4.5/aarch64-apple-darwin20/renv/help,rds,0,2026-01-25 12:40:59.870128,rds_possible_seurat_or_sce,TRUE,FALSE,,,FALSE
/Users/felix/Documents/SepSMART_restart/renv_backup_20260127_221029/library/macos/R-4.5/aarch64-apple-darwin20/renv/help/paths.rds,paths.rds,/Users/felix/Documents/SepSMART_restart/renv_backup_20260127_221029/library/macos/R-4.5/aarch64-apple-darwin20/renv/help,rds,0,2026-01-25 12:40:59.870723,rds_possible_seurat_or_sce,TRUE,FALSE,,,FALSE
/Users/felix/Documents/SepSMART_restart/renv_backup_20260127_221029/library/macos/R-4.5/aarch64-apple-darwin20/renv/Meta/features.rds,features.rds,/Users/felix/Documents/SepSMART_restart/renv_backup_20260127_221029/library/macos/R-4.5/aarch64-apple-darwin20/renv/Meta,rds,0,2026-01-25 12:40:59.859401,rds_possible_seurat_or_sce,TRUE,FALSE,,,FALSE
/Users/felix/Documents/SepSMART_restart/renv_backup_20260127_221029/library/macos/R-4.5/aarch64-apple-darwin20/renv/Meta/hsearch.rds,hsearch.rds,/Users/felix/Documents/SepSMART_restart/renv_backup_20260127_221029/library/macos/R-4.5/aarch64-apple-darwin20/renv/Meta,rds,0.002,2026-01-25 12:40:59.860025,rds_possible_seurat_or_sce,TRUE,FALSE,,,FALSE
/Users/felix/Documents/SepSMART_restart/renv_backup_20260127_221029/library/macos/R-4.5/aarch64-apple-darwin20/renv/Meta/links.rds,links.rds,/Users/felix/Documents/SepSMART_restart/renv_backup_20260127_221029/library/macos/R-4.5/aarch64-apple-darwin20/renv/Meta,rds,0.001,2026-01-25 12:40:59.8592,rds_possible_seurat_or_sce,TRUE,FALSE,,,FALSE
/Users/felix/Documents/SepSMART_restart/renv_backup_20260127_221029/library/macos/R-4.5/aarch64-apple-darwin20/renv/Meta/nsInfo.rds,nsInfo.rds,/Users/felix/Documents/SepSMART_restart/renv_backup_20260127_221029/library/macos/R-4.5/aarch64-apple-darwin20/renv/Meta,rds,0.001,2026-01-25 12:40:59.859598,rds_possible_seurat_or_sce,TRUE,FALSE,,,FALSE
/Users/felix/Documents/SepSMART_restart/renv_backup_20260127_221029/library/macos/R-4.5/aarch64-apple-darwin20/renv/Meta/package.rds,package.rds,/Users/felix/Documents/SepSMART_restart/renv_backup_20260127_221029/library/macos/R-4.5/aarch64-apple-darwin20/renv/Meta,rds,0.002,2026-01-25 12:40:59.859797,rds_possible_seurat_or_sce,TRUE,FALSE,,,FALSE
/Users/felix/Documents/SepSMART_restart/renv_backup_20260127_221029/library/macos/R-4.5/aarch64-apple-darwin20/renv/Meta/Rd.rds,Rd.rds,/Users/felix/Documents/SepSMART_restart/renv_backup_20260127_221029/library/macos/R-4.5/aarch64-apple-darwin20/renv/Meta,rds,0.002,2026-01-25 12:40:59.860223,rds_possible_seurat_or_sce,TRUE,FALSE,,,FALSE
/Users/felix/Documents/SepSMART_restart/renv_backup_20260127_221029/library/macos/R-4.5/aarch64-apple-darwin20/renv/Meta/vignette.rds,vignette.rds,/Users/felix/Documents/SepSMART_restart/renv_backup_20260127_221029/library/macos/R-4.5/aarch64-apple-darwin20/renv/Meta,rds,0,2026-01-25 12:40:59.858998,rds_possible_seurat_or_sce,TRUE,FALSE,,,FALSE
/Users/felix/Documents/SepSMART_restart/renv_backup_20260127_221029/library/macos/R-4.5/aarch64-apple-darwin20/renv/repos/src/contrib/PACKAGES.rds,PACKAGES.rds,/Users/felix/Documents/SepSMART_restart/renv_backup_20260127_221029/library/macos/R-4.5/aarch64-apple-darwin20/renv/repos/src/contrib,rds,0,2026-01-25 12:40:59.852176,rds_possible_seurat_or_sce,TRUE,FALSE,,,FALSE
/Users/felix/Documents/SepSMART_restart/renv/library/macos/R-4.5/aarch64-apple-darwin20/askpass/help/aliases.rds,aliases.rds,/Users/felix/Documents/SepSMART_restart/renv/library/macos/R-4.5/aarch64-apple-darwin20/askpass/help,rds,0,2026-02-02 17:55:59.44593,rds_possible_seurat_or_sce,TRUE,FALSE,,,FALSE
/Users/felix/Documents/SepSMART_restart/renv/library/macos/R-4.5/aarch64-apple-darwin20/askpass/help/paths.rds,paths.rds,/Users/felix/Documents/SepSMART_restart/renv/library/macos/R-4.5/aarch64-apple-darwin20/askpass/help,rds,0,2026-02-02 17:55:59.441489,rds_possible_seurat_or_sce,TRUE,FALSE,,,FALSE
/Users/felix/Documents/SepSMART_restart/renv/library/macos/R-4.5/aarch64-apple-darwin20/askpass/Meta/features.rds,features.rds,/Users/felix/Documents/SepSMART_restart/renv/library/macos/R-4.5/aarch64-apple-darwin20/askpass/Meta,rds,0,2026-02-02 17:55:59.161126,rds_possible_seurat_or_sce,TRUE,FALSE,,,FALSE
/Users/felix/Documents/SepSMART_restart/renv/library/macos/R-4.5/aarch64-apple-darwin20/askpass/Meta/hsearch.rds,hsearch.rds,/Users/felix/Documents/SepSMART_restart/renv/library/macos/R-4.5/aarch64-apple-darwin20/askpass/Meta,rds,0,2026-02-02 17:55:59.534179,rds_possible_seurat_or_sce,TRUE,FALSE,,,FALSE
/Users/felix/Documents/SepSMART_restart/renv/library/macos/R-4.5/aarch64-apple-darwin20/askpass/Meta/links.rds,links.rds,/Users/felix/Documents/SepSMART_restart/renv/library/macos/R-4.5/aarch64-apple-darwin20/askpass/Meta,rds,0,2026-02-02 17:55:59.534299,rds_possible_seurat_or_sce,TRUE,FALSE,,,FALSE
/Users/felix/Documents/SepSMART_restart/renv/library/macos/R-4.5/aarch64-apple-darwin20/askpass/Meta/nsInfo.rds,nsInfo.rds,/Users/felix/Documents/SepSMART_restart/renv/library/macos/R-4.5/aarch64-apple-darwin20/askpass/Meta,rds,0,2026-02-02 17:55:59.542516,rds_possible_seurat_or_sce,TRUE,FALSE,,,FALSE
/Users/felix/Documents/SepSMART_restart/renv/library/macos/R-4.5/aarch64-apple-darwin20/askpass/Meta/package.rds,package.rds,/Users/felix/Documents/SepSMART_restart/renv/library/macos/R-4.5/aarch64-apple-darwin20/askpass/Meta,rds,0.001,2026-02-02 17:55:59.161032,rds_possible_seurat_or_sce,TRUE,FALSE,,,FALSE
/Users/felix/Documents/SepSMART_restart/renv/library/macos/R-4.5/aarch64-apple-darwin20/askpass/Meta/Rd.rds,Rd.rds,/Users/felix/Documents/SepSMART_restart/renv/library/macos/R-4.5/aarch64-apple-darwin20/askpass/Meta,rds,0,2026-02-02 17:55:59.533612,rds_possible_seurat_or_sce,TRUE,FALSE,,,FALSE
/Users/felix/Documents/SepSMART_restart/renv/library/macos/R-4.5/aarch64-apple-darwin20/officer/help/aliases.rds,aliases.rds,/Users/felix/Documents/SepSMART_restart/renv/library/macos/R-4.5/aarch64-apple-darwin20/officer/help,rds,0.002,2026-02-02 17:32:26.859126,rds_possible_seurat_or_sce,TRUE,FALSE,,,FALSE
/Users/felix/Documents/SepSMART_restart/renv/library/macos/R-4.5/aarch64-apple-darwin20/officer/help/paths.rds,paths.rds,/Users/felix/Documents/SepSMART_restart/renv/library/macos/R-4.5/aarch64-apple-darwin20/officer/help,rds,0.002,2026-02-02 17:32:26.696012,rds_possible_seurat_or_sce,TRUE,FALSE,,,FALSE
/Users/felix/Documents/SepSMART_restart/renv/library/macos/R-4.5/aarch64-apple-darwin20/officer/Meta/features.rds,features.rds,/Users/felix/Documents/SepSMART_restart/renv/library/macos/R-4.5/aarch64-apple-darwin20/officer/Meta,rds,0,2026-02-02 17:32:22.459363,rds_possible_seurat_or_sce,TRUE,FALSE,,,FALSE
/Users/felix/Documents/SepSMART_restart/renv/library/macos/R-4.5/aarch64-apple-darwin20/officer/Meta/hsearch.rds,hsearch.rds,/Users/felix/Documents/SepSMART_restart/renv/library/macos/R-4.5/aarch64-apple-darwin20/officer/Meta,rds,0.005,2026-02-02 17:32:27.038967,rds_possible_seurat_or_sce,TRUE,FALSE,,,FALSE
/Users/felix/Documents/SepSMART_restart/renv/library/macos/R-4.5/aarch64-apple-darwin20/officer/Meta/links.rds,links.rds,/Users/felix/Documents/SepSMART_restart/renv/library/macos/R-4.5/aarch64-apple-darwin20/officer/Meta,rds,0.003,2026-02-02 17:32:27.039431,rds_possible_seurat_or_sce,TRUE,FALSE,,,FALSE
/Users/felix/Documents/SepSMART_restart/renv/library/macos/R-4.5/aarch64-apple-darwin20/officer/Meta/nsInfo.rds,nsInfo.rds,/Users/felix/Documents/SepSMART_restart/renv/library/macos/R-4.5/aarch64-apple-darwin20/officer/Meta,rds,0.002,2026-02-02 17:32:27.051662,rds_possible_seurat_or_sce,TRUE,FALSE,,,FALSE
/Users/felix/Documents/SepSMART_restart/renv/library/macos/R-4.5/aarch64-apple-darwin20/officer/Meta/package.rds,package.rds,/Users/felix/Documents/SepSMART_restart/renv/library/macos/R-4.5/aarch64-apple-darwin20/officer/Meta,rds,0.002,2026-02-02 17:32:22.459263,rds_possible_seurat_or_sce,TRUE,FALSE,,,FALSE
/Users/felix/Documents/SepSMART_restart/renv/library/macos/R-4.5/aarch64-apple-darwin20/officer/Meta/Rd.rds,Rd.rds,/Users/felix/Documents/SepSMART_restart/renv/library/macos/R-4.5/aarch64-apple-darwin20/officer/Meta,rds,0.005,2026-02-02 17:32:27.037699,rds_possible_seurat_or_sce,TRUE,FALSE,,,FALSE
/Users/felix/Documents/SepSMART_restart/renv/library/macos/R-4.5/aarch64-apple-darwin20/openssl/help/aliases.rds,aliases.rds,/Users/felix/Documents/SepSMART_restart/renv/library/macos/R-4.5/aarch64-apple-darwin20/openssl/help,rds,0.001,2026-02-02 17:54:06.105176,rds_possible_seurat_or_sce,TRUE,FALSE,,,FALSE
/Users/felix/Documents/SepSMART_restart/renv/library/macos/R-4.5/aarch64-apple-darwin20/openssl/help/paths.rds,paths.rds,/Users/felix/Documents/SepSMART_restart/renv/library/macos/R-4.5/aarch64-apple-darwin20/openssl/help,rds,0,2026-02-02 17:54:06.085501,rds_possible_seurat_or_sce,TRUE,FALSE,,,FALSE
/Users/felix/Documents/SepSMART_restart/renv/library/macos/R-4.5/aarch64-apple-darwin20/openssl/Meta/features.rds,features.rds,/Users/felix/Documents/SepSMART_restart/renv/library/macos/R-4.5/aarch64-apple-darwin20/openssl/Meta,rds,0,2026-02-02 17:53:59.809617,rds_possible_seurat_or_sce,TRUE,FALSE,,,FALSE
/Users/felix/Documents/SepSMART_restart/renv/library/macos/R-4.5/aarch64-apple-darwin20/openssl/Meta/hsearch.rds,hsearch.rds,/Users/felix/Documents/SepSMART_restart/renv/library/macos/R-4.5/aarch64-apple-darwin20/openssl/Meta,rds,0.001,2026-02-02 17:54:06.212146,rds_possible_seurat_or_sce,TRUE,FALSE,,,FALSE
/Users/felix/Documents/SepSMART_restart/renv/library/macos/R-4.5/aarch64-apple-darwin20/openssl/Meta/links.rds,links.rds,/Users/felix/Documents/SepSMART_restart/renv/library/macos/R-4.5/aarch64-apple-darwin20/openssl/Meta,rds,0.001,2026-02-02 17:54:06.217278,rds_possible_seurat_or_sce,TRUE,FALSE,,,FALSE
/Users/felix/Documents/SepSMART_restart/renv/library/macos/R-4.5/aarch64-apple-darwin20/openssl/Meta/nsInfo.rds,nsInfo.rds,/Users/felix/Documents/SepSMART_restart/renv/library/macos/R-4.5/aarch64-apple-darwin20/openssl/Meta,rds,0.002,2026-02-02 17:54:06.233663,rds_possible_seurat_or_sce,TRUE,FALSE,,,FALSE
/Users/felix/Documents/SepSMART_restart/renv/library/macos/R-4.5/aarch64-apple-darwin20/openssl/Meta/package.rds,package.rds,/Users/felix/Documents/SepSMART_restart/renv/library/macos/R-4.5/aarch64-apple-darwin20/openssl/Meta,rds,0.001,2026-02-02 17:53:59.809531,rds_possible_seurat_or_sce,TRUE,FALSE,,,FALSE
/Users/felix/Documents/SepSMART_restart/renv/library/macos/R-4.5/aarch64-apple-darwin20/openssl/Meta/Rd.rds,Rd.rds,/Users/felix/Documents/SepSMART_restart/renv/library/macos/R-4.5/aarch64-apple-darwin20/openssl/Meta,rds,0.001,2026-02-02 17:54:06.210407,rds_possible_seurat_or_sce,TRUE,FALSE,,,FALSE
/Users/felix/Documents/SepSMART_restart/renv/library/macos/R-4.5/aarch64-apple-darwin20/openssl/Meta/vignette.rds,vignette.rds,/Users/felix/Documents/SepSMART_restart/renv/library/macos/R-4.5/aarch64-apple-darwin20/openssl/Meta,rds,0,2026-02-02 17:54:06.226957,rds_possible_seurat_or_sce,TRUE,FALSE,,,FALSE
/Users/felix/Documents/SepSMART_restart/renv/library/macos/R-4.5/aarch64-apple-darwin20/ragg/help/aliases.rds,aliases.rds,/Users/felix/Documents/SepSMART_restart/renv/library/macos/R-4.5/aarch64-apple-darwin20/ragg/help,rds,0,2026-02-02 18:03:19.967542,rds_possible_seurat_or_sce,TRUE,FALSE,,,FALSE
/Users/felix/Documents/SepSMART_restart/renv/library/macos/R-4.5/aarch64-apple-darwin20/ragg/help/paths.rds,paths.rds,/Users/felix/Documents/SepSMART_restart/renv/library/macos/R-4.5/aarch64-apple-darwin20/ragg/help,rds,0,2026-02-02 18:03:19.952594,rds_possible_seurat_or_sce,TRUE,FALSE,,,FALSE
/Users/felix/Documents/SepSMART_restart/renv/library/macos/R-4.5/aarch64-apple-darwin20/ragg/Meta/features.rds,features.rds,/Users/felix/Documents/SepSMART_restart/renv/library/macos/R-4.5/aarch64-apple-darwin20/ragg/Meta,rds,0,2026-02-02 18:02:43.487823,rds_possible_seurat_or_sce,TRUE,FALSE,,,FALSE
/Users/felix/Documents/SepSMART_restart/renv/library/macos/R-4.5/aarch64-apple-darwin20/ragg/Meta/hsearch.rds,hsearch.rds,/Users/felix/Documents/SepSMART_restart/renv/library/macos/R-4.5/aarch64-apple-darwin20/ragg/Meta,rds,0.001,2026-02-02 18:03:20.064723,rds_possible_seurat_or_sce,TRUE,FALSE,,,FALSE
/Users/felix/Documents/SepSMART_restart/renv/library/macos/R-4.5/aarch64-apple-darwin20/ragg/Meta/links.rds,links.rds,/Users/felix/Documents/SepSMART_restart/renv/library/macos/R-4.5/aarch64-apple-darwin20/ragg/Meta,rds,0,2026-02-02 18:03:20.064871,rds_possible_seurat_or_sce,TRUE,FALSE,,,FALSE
/Users/felix/Documents/SepSMART_restart/renv/library/macos/R-4.5/aarch64-apple-darwin20/ragg/Meta/nsInfo.rds,nsInfo.rds,/Users/felix/Documents/SepSMART_restart/renv/library/macos/R-4.5/aarch64-apple-darwin20/ragg/Meta,rds,0,2026-02-02 18:03:20.073307,rds_possible_seurat_or_sce,TRUE,FALSE,,,FALSE
/Users/felix/Documents/SepSMART_restart/renv/library/macos/R-4.5/aarch64-apple-darwin20/ragg/Meta/package.rds,package.rds,/Users/felix/Documents/SepSMART_restart/renv/library/macos/R-4.5/aarch64-apple-darwin20/ragg/Meta,rds,0.001,2026-02-02 18:02:43.487652,rds_possible_seurat_or_sce,TRUE,FALSE,,,FALSE
/Users/felix/Documents/SepSMART_restart/renv/library/macos/R-4.5/aarch64-apple-darwin20/ragg/Meta/Rd.rds,Rd.rds,/Users/felix/Documents/SepSMART_restart/renv/library/macos/R-4.5/aarch64-apple-darwin20/ragg/Meta,rds,0.001,2026-02-02 18:03:20.064029,rds_possible_seurat_or_sce,TRUE,FALSE,,,FALSE
/Users/felix/Documents/SepSMART_restart/renv/library/macos/R-4.5/aarch64-apple-darwin20/renv/help/aliases.rds,aliases.rds,/Users/felix/Documents/SepSMART_restart/renv/library/macos/R-4.5/aarch64-apple-darwin20/renv/help,rds,0,2026-02-04 14:54:55.419664,rds_possible_seurat_or_sce,TRUE,FALSE,,,FALSE
/Users/felix/Documents/SepSMART_restart/renv/library/macos/R-4.5/aarch64-apple-darwin20/renv/help/paths.rds,paths.rds,/Users/felix/Documents/SepSMART_restart/renv/library/macos/R-4.5/aarch64-apple-darwin20/renv/help,rds,0,2026-02-04 14:54:55.420244,rds_possible_seurat_or_sce,TRUE,FALSE,,,FALSE
/Users/felix/Documents/SepSMART_restart/renv/library/macos/R-4.5/aarch64-apple-darwin20/renv/Meta/features.rds,features.rds,/Users/felix/Documents/SepSMART_restart/renv/library/macos/R-4.5/aarch64-apple-darwin20/renv/Meta,rds,0,2026-02-04 14:54:55.409391,rds_possible_seurat_or_sce,TRUE,FALSE,,,FALSE
/Users/felix/Documents/SepSMART_restart/renv/library/macos/R-4.5/aarch64-apple-darwin20/renv/Meta/hsearch.rds,hsearch.rds,/Users/felix/Documents/SepSMART_restart/renv/library/macos/R-4.5/aarch64-apple-darwin20/renv/Meta,rds,0.002,2026-02-04 14:54:55.409987,rds_possible_seurat_or_sce,TRUE,FALSE,,,FALSE
/Users/felix/Documents/SepSMART_restart/renv/library/macos/R-4.5/aarch64-apple-darwin20/renv/Meta/links.rds,links.rds,/Users/felix/Documents/SepSMART_restart/renv/library/macos/R-4.5/aarch64-apple-darwin20/renv/Meta,rds,0.001,2026-02-04 14:54:55.409154,rds_possible_seurat_or_sce,TRUE,FALSE,,,FALSE
/Users/felix/Documents/SepSMART_restart/renv/library/macos/R-4.5/aarch64-apple-darwin20/renv/Meta/nsInfo.rds,nsInfo.rds,/Users/felix/Documents/SepSMART_restart/renv/library/macos/R-4.5/aarch64-apple-darwin20/renv/Meta,rds,0.001,2026-02-04 14:54:55.409599,rds_possible_seurat_or_sce,TRUE,FALSE,,,FALSE
/Users/felix/Documents/SepSMART_restart/renv/library/macos/R-4.5/aarch64-apple-darwin20/renv/Meta/package.rds,package.rds,/Users/felix/Documents/SepSMART_restart/renv/library/macos/R-4.5/aarch64-apple-darwin20/renv/Meta,rds,0.002,2026-02-04 14:54:55.409795,rds_possible_seurat_or_sce,TRUE,FALSE,,,FALSE
/Users/felix/Documents/SepSMART_restart/renv/library/macos/R-4.5/aarch64-apple-darwin20/renv/Meta/Rd.rds,Rd.rds,/Users/felix/Documents/SepSMART_restart/renv/library/macos/R-4.5/aarch64-apple-darwin20/renv/Meta,rds,0.002,2026-02-04 14:54:55.410179,rds_possible_seurat_or_sce,TRUE,FALSE,,,FALSE
/Users/felix/Documents/SepSMART_restart/renv/library/macos/R-4.5/aarch64-apple-darwin20/renv/Meta/vignette.rds,vignette.rds,/Users/felix/Documents/SepSMART_restart/renv/library/macos/R-4.5/aarch64-apple-darwin20/renv/Meta,rds,0,2026-02-04 14:54:55.408857,rds_possible_seurat_or_sce,TRUE,FALSE,,,FALSE
/Users/felix/Documents/SepSMART_restart/renv/library/macos/R-4.5/aarch64-apple-darwin20/renv/repos/src/contrib/PACKAGES.rds,PACKAGES.rds,/Users/felix/Documents/SepSMART_restart/renv/library/macos/R-4.5/aarch64-apple-darwin20/renv/repos/src/contrib,rds,0,2026-02-04 14:54:55.40351,rds_possible_seurat_or_sce,TRUE,FALSE,,,FALSE
/Users/felix/Documents/SepSMART_restart/renv/library/macos/R-4.5/aarch64-apple-darwin20/systemfonts/help/aliases.rds,aliases.rds,/Users/felix/Documents/SepSMART_restart/renv/library/macos/R-4.5/aarch64-apple-darwin20/systemfonts/help,rds,0,2026-02-02 18:04:13.205578,rds_possible_seurat_or_sce,TRUE,FALSE,,,FALSE
/Users/felix/Documents/SepSMART_restart/renv/library/macos/R-4.5/aarch64-apple-darwin20/systemfonts/help/paths.rds,paths.rds,/Users/felix/Documents/SepSMART_restart/renv/library/macos/R-4.5/aarch64-apple-darwin20/systemfonts/help,rds,0,2026-02-02 18:04:13.176594,rds_possible_seurat_or_sce,TRUE,FALSE,,,FALSE
/Users/felix/Documents/SepSMART_restart/renv/library/macos/R-4.5/aarch64-apple-darwin20/systemfonts/Meta/features.rds,features.rds,/Users/felix/Documents/SepSMART_restart/renv/library/macos/R-4.5/aarch64-apple-darwin20/systemfonts/Meta,rds,0,2026-02-02 18:04:04.752678,rds_possible_seurat_or_sce,TRUE,FALSE,,,FALSE
/Users/felix/Documents/SepSMART_restart/renv/library/macos/R-4.5/aarch64-apple-darwin20/systemfonts/Meta/hsearch.rds,hsearch.rds,/Users/felix/Documents/SepSMART_restart/renv/library/macos/R-4.5/aarch64-apple-darwin20/systemfonts/Meta,rds,0.001,2026-02-02 18:04:13.305776,rds_possible_seurat_or_sce,TRUE,FALSE,,,FALSE
/Users/felix/Documents/SepSMART_restart/renv/library/macos/R-4.5/aarch64-apple-darwin20/systemfonts/Meta/links.rds,links.rds,/Users/felix/Documents/SepSMART_restart/renv/library/macos/R-4.5/aarch64-apple-darwin20/systemfonts/Meta,rds,0.001,2026-02-02 18:04:13.305949,rds_possible_seurat_or_sce,TRUE,FALSE,,,FALSE
/Users/felix/Documents/SepSMART_restart/renv/library/macos/R-4.5/aarch64-apple-darwin20/systemfonts/Meta/nsInfo.rds,nsInfo.rds,/Users/felix/Documents/SepSMART_restart/renv/library/macos/R-4.5/aarch64-apple-darwin20/systemfonts/Meta,rds,0.001,2026-02-02 18:04:13.315356,rds_possible_seurat_or_sce,TRUE,FALSE,,,FALSE
/Users/felix/Documents/SepSMART_restart/renv/library/macos/R-4.5/aarch64-apple-darwin20/systemfonts/Meta/package.rds,package.rds,/Users/felix/Documents/SepSMART_restart/renv/library/macos/R-4.5/aarch64-apple-darwin20/systemfonts/Meta,rds,0.002,2026-02-02 18:04:04.752593,rds_possible_seurat_or_sce,TRUE,FALSE,,,FALSE
/Users/felix/Documents/SepSMART_restart/renv/library/macos/R-4.5/aarch64-apple-darwin20/systemfonts/Meta/Rd.rds,Rd.rds,/Users/felix/Documents/SepSMART_restart/renv/library/macos/R-4.5/aarch64-apple-darwin20/systemfonts/Meta,rds,0.001,2026-02-02 18:04:13.305054,rds_possible_seurat_or_sce,TRUE,FALSE,,,FALSE
/Users/felix/Documents/SepSMART_restart/renv/library/macos/R-4.5/aarch64-apple-darwin20/systemfonts/Meta/vignette.rds,vignette.rds,/Users/felix/Documents/SepSMART_restart/renv/library/macos/R-4.5/aarch64-apple-darwin20/systemfonts/Meta,rds,0,2026-02-02 18:04:13.313191,rds_possible_seurat_or_sce,TRUE,FALSE,,,FALSE
/Users/felix/Documents/SepSMART_restart/renv/library/macos/R-4.5/aarch64-apple-darwin20/textshaping/help/aliases.rds,aliases.rds,/Users/felix/Documents/SepSMART_restart/renv/library/macos/R-4.5/aarch64-apple-darwin20/textshaping/help,rds,0,2026-02-02 18:04:35.054108,rds_possible_seurat_or_sce,TRUE,FALSE,,,FALSE
/Users/felix/Documents/SepSMART_restart/renv/library/macos/R-4.5/aarch64-apple-darwin20/textshaping/help/paths.rds,paths.rds,/Users/felix/Documents/SepSMART_restart/renv/library/macos/R-4.5/aarch64-apple-darwin20/textshaping/help,rds,0,2026-02-02 18:04:35.044211,rds_possible_seurat_or_sce,TRUE,FALSE,,,FALSE
/Users/felix/Documents/SepSMART_restart/renv/library/macos/R-4.5/aarch64-apple-darwin20/textshaping/Meta/features.rds,features.rds,/Users/felix/Documents/SepSMART_restart/renv/library/macos/R-4.5/aarch64-apple-darwin20/textshaping/Meta,rds,0,2026-02-02 18:04:30.966148,rds_possible_seurat_or_sce,TRUE,FALSE,,,FALSE
/Users/felix/Documents/SepSMART_restart/renv/library/macos/R-4.5/aarch64-apple-darwin20/textshaping/Meta/hsearch.rds,hsearch.rds,/Users/felix/Documents/SepSMART_restart/renv/library/macos/R-4.5/aarch64-apple-darwin20/textshaping/Meta,rds,0.001,2026-02-02 18:04:35.167975,rds_possible_seurat_or_sce,TRUE,FALSE,,,FALSE
/Users/felix/Documents/SepSMART_restart/renv/library/macos/R-4.5/aarch64-apple-darwin20/textshaping/Meta/links.rds,links.rds,/Users/felix/Documents/SepSMART_restart/renv/library/macos/R-4.5/aarch64-apple-darwin20/textshaping/Meta,rds,0,2026-02-02 18:04:35.168112,rds_possible_seurat_or_sce,TRUE,FALSE,,,FALSE
/Users/felix/Documents/SepSMART_restart/renv/library/macos/R-4.5/aarch64-apple-darwin20/textshaping/Meta/nsInfo.rds,nsInfo.rds,/Users/felix/Documents/SepSMART_restart/renv/library/macos/R-4.5/aarch64-apple-darwin20/textshaping/Meta,rds,0,2026-02-02 18:04:35.177466,rds_possible_seurat_or_sce,TRUE,FALSE,,,FALSE
/Users/felix/Documents/SepSMART_restart/renv/library/macos/R-4.5/aarch64-apple-darwin20/textshaping/Meta/package.rds,package.rds,/Users/felix/Documents/SepSMART_restart/renv/library/macos/R-4.5/aarch64-apple-darwin20/textshaping/Meta,rds,0.001,2026-02-02 18:04:30.966069,rds_possible_seurat_or_sce,TRUE,FALSE,,,FALSE
/Users/felix/Documents/SepSMART_restart/renv/library/macos/R-4.5/aarch64-apple-darwin20/textshaping/Meta/Rd.rds,Rd.rds,/Users/felix/Documents/SepSMART_restart/renv/library/macos/R-4.5/aarch64-apple-darwin20/textshaping/Meta,rds,0.001,2026-02-02 18:04:35.167325,rds_possible_seurat_or_sce,TRUE,FALSE,,,FALSE
/Users/felix/Documents/SepSMART_restart/renv/library/macos/R-4.5/aarch64-apple-darwin20/textshaping/Meta/vignette.rds,vignette.rds,/Users/felix/Documents/SepSMART_restart/renv/library/macos/R-4.5/aarch64-apple-darwin20/textshaping/Meta,rds,0,2026-02-02 18:04:35.175372,rds_possible_seurat_or_sce,TRUE,FALSE,,,FALSE
/Users/felix/Documents/SepSMART_restart/renv/library/macos/R-4.5/aarch64-apple-darwin20/uuid/help/aliases.rds,aliases.rds,/Users/felix/Documents/SepSMART_restart/renv/library/macos/R-4.5/aarch64-apple-darwin20/uuid/help,rds,0,2026-02-02 18:05:30.396485,rds_possible_seurat_or_sce,TRUE,FALSE,,,FALSE
/Users/felix/Documents/SepSMART_restart/renv/library/macos/R-4.5/aarch64-apple-darwin20/uuid/help/paths.rds,paths.rds,/Users/felix/Documents/SepSMART_restart/renv/library/macos/R-4.5/aarch64-apple-darwin20/uuid/help,rds,0,2026-02-02 18:05:30.390215,rds_possible_seurat_or_sce,TRUE,FALSE,,,FALSE
/Users/felix/Documents/SepSMART_restart/renv/library/macos/R-4.5/aarch64-apple-darwin20/uuid/Meta/features.rds,features.rds,/Users/felix/Documents/SepSMART_restart/renv/library/macos/R-4.5/aarch64-apple-darwin20/uuid/Meta,rds,0,2026-02-02 18:05:29.46003,rds_possible_seurat_or_sce,TRUE,FALSE,,,FALSE
/Users/felix/Documents/SepSMART_restart/renv/library/macos/R-4.5/aarch64-apple-darwin20/uuid/Meta/hsearch.rds,hsearch.rds,/Users/felix/Documents/SepSMART_restart/renv/library/macos/R-4.5/aarch64-apple-darwin20/uuid/Meta,rds,0,2026-02-02 18:05:30.485646,rds_possible_seurat_or_sce,TRUE,FALSE,,,FALSE
/Users/felix/Documents/SepSMART_restart/renv/library/macos/R-4.5/aarch64-apple-darwin20/uuid/Meta/links.rds,links.rds,/Users/felix/Documents/SepSMART_restart/renv/library/macos/R-4.5/aarch64-apple-darwin20/uuid/Meta,rds,0,2026-02-02 18:05:30.485779,rds_possible_seurat_or_sce,TRUE,FALSE,,,FALSE
/Users/felix/Documents/SepSMART_restart/renv/library/macos/R-4.5/aarch64-apple-darwin20/uuid/Meta/nsInfo.rds,nsInfo.rds,/Users/felix/Documents/SepSMART_restart/renv/library/macos/R-4.5/aarch64-apple-darwin20/uuid/Meta,rds,0,2026-02-02 18:05:30.493979,rds_possible_seurat_or_sce,TRUE,FALSE,,,FALSE
/Users/felix/Documents/SepSMART_restart/renv/library/macos/R-4.5/aarch64-apple-darwin20/uuid/Meta/package.rds,package.rds,/Users/felix/Documents/SepSMART_restart/renv/library/macos/R-4.5/aarch64-apple-darwin20/uuid/Meta,rds,0.001,2026-02-02 18:05:29.45994,rds_possible_seurat_or_sce,TRUE,FALSE,,,FALSE
/Users/felix/Documents/SepSMART_restart/renv/library/macos/R-4.5/aarch64-apple-darwin20/uuid/Meta/Rd.rds,Rd.rds,/Users/felix/Documents/SepSMART_restart/renv/library/macos/R-4.5/aarch64-apple-darwin20/uuid/Meta,rds,0,2026-02-02 18:05:30.48506,rds_possible_seurat_or_sce,TRUE,FALSE,,,FALSE
/Users/felix/Documents/SepSMART_restart/renv/library/macos/R-4.5/aarch64-apple-darwin20/xml2/help/aliases.rds,aliases.rds,/Users/felix/Documents/SepSMART_restart/renv/library/macos/R-4.5/aarch64-apple-darwin20/xml2/help,rds,0.001,2026-02-02 18:06:46.855601,rds_possible_seurat_or_sce,TRUE,FALSE,,,FALSE
/Users/felix/Documents/SepSMART_restart/renv/library/macos/R-4.5/aarch64-apple-darwin20/xml2/help/paths.rds,paths.rds,/Users/felix/Documents/SepSMART_restart/renv/library/macos/R-4.5/aarch64-apple-darwin20/xml2/help,rds,0,2026-02-02 18:06:46.831915,rds_possible_seurat_or_sce,TRUE,FALSE,,,FALSE
/Users/felix/Documents/SepSMART_restart/renv/library/macos/R-4.5/aarch64-apple-darwin20/xml2/Meta/features.rds,features.rds,/Users/felix/Documents/SepSMART_restart/renv/library/macos/R-4.5/aarch64-apple-darwin20/xml2/Meta,rds,0,2026-02-02 18:06:43.891908,rds_possible_seurat_or_sce,TRUE,FALSE,,,FALSE
/Users/felix/Documents/SepSMART_restart/renv/library/macos/R-4.5/aarch64-apple-darwin20/xml2/Meta/hsearch.rds,hsearch.rds,/Users/felix/Documents/SepSMART_restart/renv/library/macos/R-4.5/aarch64-apple-darwin20/xml2/Meta,rds,0.001,2026-02-02 18:06:46.980342,rds_possible_seurat_or_sce,TRUE,FALSE,,,FALSE
/Users/felix/Documents/SepSMART_restart/renv/library/macos/R-4.5/aarch64-apple-darwin20/xml2/Meta/links.rds,links.rds,/Users/felix/Documents/SepSMART_restart/renv/library/macos/R-4.5/aarch64-apple-darwin20/xml2/Meta,rds,0.001,2026-02-02 18:06:46.98057,rds_possible_seurat_or_sce,TRUE,FALSE,,,FALSE
/Users/felix/Documents/SepSMART_restart/renv/library/macos/R-4.5/aarch64-apple-darwin20/xml2/Meta/nsInfo.rds,nsInfo.rds,/Users/felix/Documents/SepSMART_restart/renv/library/macos/R-4.5/aarch64-apple-darwin20/xml2/Meta,rds,0.001,2026-02-02 18:06:46.993212,rds_possible_seurat_or_sce,TRUE,FALSE,,,FALSE
/Users/felix/Documents/SepSMART_restart/renv/library/macos/R-4.5/aarch64-apple-darwin20/xml2/Meta/package.rds,package.rds,/Users/felix/Documents/SepSMART_restart/renv/library/macos/R-4.5/aarch64-apple-darwin20/xml2/Meta,rds,0.002,2026-02-02 18:06:43.891814,rds_possible_seurat_or_sce,TRUE,FALSE,,,FALSE
/Users/felix/Documents/SepSMART_restart/renv/library/macos/R-4.5/aarch64-apple-darwin20/xml2/Meta/Rd.rds,Rd.rds,/Users/felix/Documents/SepSMART_restart/renv/library/macos/R-4.5/aarch64-apple-darwin20/xml2/Meta,rds,0.001,2026-02-02 18:06:46.979492,rds_possible_seurat_or_sce,TRUE,FALSE,,,FALSE
/Users/felix/Documents/SepSMART_restart/renv/library/macos/R-4.5/aarch64-apple-darwin20/xml2/Meta/vignette.rds,vignette.rds,/Users/felix/Documents/SepSMART_restart/renv/library/macos/R-4.5/aarch64-apple-darwin20/xml2/Meta,rds,0,2026-02-02 18:06:46.988869,rds_possible_seurat_or_sce,TRUE,FALSE,,,FALSE
/Users/felix/Documents/SepSMART_restart/renv/library/macos/R-4.5/aarch64-apple-darwin20/zip/help/aliases.rds,aliases.rds,/Users/felix/Documents/SepSMART_restart/renv/library/macos/R-4.5/aarch64-apple-darwin20/zip/help,rds,0,2026-02-02 18:08:05.964305,rds_possible_seurat_or_sce,TRUE,FALSE,,,FALSE
/Users/felix/Documents/SepSMART_restart/renv/library/macos/R-4.5/aarch64-apple-darwin20/zip/help/paths.rds,paths.rds,/Users/felix/Documents/SepSMART_restart/renv/library/macos/R-4.5/aarch64-apple-darwin20/zip/help,rds,0,2026-02-02 18:08:05.954595,rds_possible_seurat_or_sce,TRUE,FALSE,,,FALSE
/Users/felix/Documents/SepSMART_restart/renv/library/macos/R-4.5/aarch64-apple-darwin20/zip/Meta/features.rds,features.rds,/Users/felix/Documents/SepSMART_restart/renv/library/macos/R-4.5/aarch64-apple-darwin20/zip/Meta,rds,0,2026-02-02 18:08:03.586201,rds_possible_seurat_or_sce,TRUE,FALSE,,,FALSE
/Users/felix/Documents/SepSMART_restart/renv/library/macos/R-4.5/aarch64-apple-darwin20/zip/Meta/hsearch.rds,hsearch.rds,/Users/felix/Documents/SepSMART_restart/renv/library/macos/R-4.5/aarch64-apple-darwin20/zip/Meta,rds,0,2026-02-02 18:08:06.056897,rds_possible_seurat_or_sce,TRUE,FALSE,,,FALSE
/Users/felix/Documents/SepSMART_restart/renv/library/macos/R-4.5/aarch64-apple-darwin20/zip/Meta/links.rds,links.rds,/Users/felix/Documents/SepSMART_restart/renv/library/macos/R-4.5/aarch64-apple-darwin20/zip/Meta,rds,0,2026-02-02 18:08:06.057035,rds_possible_seurat_or_sce,TRUE,FALSE,,,FALSE
/Users/felix/Documents/SepSMART_restart/renv/library/macos/R-4.5/aarch64-apple-darwin20/zip/Meta/nsInfo.rds,nsInfo.rds,/Users/felix/Documents/SepSMART_restart/renv/library/macos/R-4.5/aarch64-apple-darwin20/zip/Meta,rds,0,2026-02-02 18:08:06.065241,rds_possible_seurat_or_sce,TRUE,FALSE,,,FALSE
/Users/felix/Documents/SepSMART_restart/renv/library/macos/R-4.5/aarch64-apple-darwin20/zip/Meta/package.rds,package.rds,/Users/felix/Documents/SepSMART_restart/renv/library/macos/R-4.5/aarch64-apple-darwin20/zip/Meta,rds,0.001,2026-02-02 18:08:03.586112,rds_possible_seurat_or_sce,TRUE,FALSE,,,FALSE
/Users/felix/Documents/SepSMART_restart/renv/library/macos/R-4.5/aarch64-apple-darwin20/zip/Meta/Rd.rds,Rd.rds,/Users/felix/Documents/SepSMART_restart/renv/library/macos/R-4.5/aarch64-apple-darwin20/zip/Meta,rds,0,2026-02-02 18:08:06.056275,rds_possible_seurat_or_sce,TRUE,FALSE,,,FALSE
