seurat_cluster,score_name,n_cells,mean_score,median_score
2,T_NK_score,5548,-0.580738619672954,-0.587179429831724
18,T_NK_score,524,-0.703775161543114,-0.755147302571282
3,T_NK_score,5161,0.000954898911725804,-0.00223696903552562
0,T_NK_score,7730,1.01461459473888,1.06071945226044
9,T_NK_score,2578,-0.0392792294615126,-0.0360671860295588
7,T_NK_score,3375,-0.61367295330931,-0.677299421546594
1,T_NK_score,6240,-0.251750408568831,-0.268761577441994
10,T_NK_score,1862,-0.219664592696013,-0.264165566131757
4,T_NK_score,4948,-0.390304705042368,-0.396012260294619
20,T_NK_score,422,-0.662822109160108,-0.723378876876098
21,T_NK_score,317,0.291820272272733,0.162931835187268
22,T_NK_score,308,0.138016646968375,-0.0875993226191225
11,T_NK_score,1739,-0.551325211360171,-0.575064649159378
24,T_NK_score,117,-0.627738857244786,-0.664755815843837
5,T_NK_score,4780,-0.60025188745398,-0.611827655505435
23,T_NK_score,236,-0.134593466185642,-0.387497112914206
12,T_NK_score,1615,1.31917620698869,1.31673960254653
19,T_NK_score,440,-0.384548839520038,-0.39419653378043
16,T_NK_score,783,-0.489596263620678,-0.473392985116174
6,T_NK_score,3627,-0.428073791428133,-0.4365811297485
14,T_NK_score,912,-0.083209397255613,-0.0916316494097357
15,T_NK_score,902,-0.484778618899906,-0.490799782814086
17,T_NK_score,764,-0.665628094378682,-0.717277644754384
8,T_NK_score,3235,-0.407600476210484,-0.415992214585478
13,T_NK_score,1580,-0.457600044475304,-0.51024352168405
2,CD4_T_score,5548,-0.0352764875110658,-0.0346265393612771
18,CD4_T_score,524,-0.39962882738745,-0.4726293316544
3,CD4_T_score,5161,0.515226799539542,0.53211328077233
0,CD4_T_score,7730,-0.383973650844632,-0.549813665845875
9,CD4_T_score,2578,0.443683008833868,0.457349606494045
7,CD4_T_score,3375,-0.414532139648683,-0.464720505844319
1,CD4_T_score,6240,0.406268471624599,0.40845323207334
10,CD4_T_score,1862,-0.283776437112018,-0.323111478519365
4,CD4_T_score,4948,-0.397979527134959,-0.390666445877021
20,CD4_T_score,422,-0.427455849251935,-0.462528947378856
21,CD4_T_score,317,0.0995424364328818,0.136765156769028
22,CD4_T_score,308,-0.124608330248615,-0.191130490545279
11,CD4_T_score,1739,-0.270029476429952,-0.297524730224078
24,CD4_T_score,117,-0.570499393868533,-0.615735120575872
5,CD4_T_score,4780,0.0372000904213262,0.0367213850451631
23,CD4_T_score,236,-0.53883547934593,-0.574761978680622
12,CD4_T_score,1615,-0.474340587148905,-0.591356376986466
19,CD4_T_score,440,-0.714615627163018,-0.738880203809102
16,CD4_T_score,783,-0.651127090691045,-0.677284510722546
6,CD4_T_score,3627,-0.548917003639332,-0.592328625973191
14,CD4_T_score,912,-0.075931567693458,-0.063437148024555
15,CD4_T_score,902,-0.631355454568549,-0.661329546745878
17,CD4_T_score,764,-0.594636899233175,-0.632008771661418
8,CD4_T_score,3235,-0.633879689694784,-0.669975995507872
13,CD4_T_score,1580,-0.631438951447568,-0.672778688116858
2,CD8_T_NK_score,5548,-0.418242131358732,-0.426713187288308
18,CD8_T_NK_score,524,-0.393017952292209,-0.526071241299072
3,CD8_T_NK_score,5161,-0.425572226030003,-0.454339439159476
0,CD8_T_NK_score,7730,1.16592283323924,1.25693323448919
9,CD8_T_NK_score,2578,-0.0615399498285496,-0.0696477521744157
7,CD8_T_NK_score,3375,-0.482283914226545,-0.531104697484878
1,CD8_T_NK_score,6240,-0.415636942055415,-0.431775943428442
10,CD8_T_NK_score,1862,-0.146800494338679,-0.20508761289138
4,CD8_T_NK_score,4948,-0.24828071857733,-0.267607325717331
20,CD8_T_NK_score,422,-0.503856793422932,-0.557862363339351
21,CD8_T_NK_score,317,0.214747362104041,0.0268235486900776
22,CD8_T_NK_score,308,0.235481000687754,-0.31340408864115
11,CD8_T_NK_score,1739,-0.407596539675315,-0.425742994451758
24,CD8_T_NK_score,117,-0.43875427684119,-0.477400161952625
5,CD8_T_NK_score,4780,-0.427207376774156,-0.438032691550397
23,CD8_T_NK_score,236,-0.0395445532276488,-0.373974487228928
12,CD8_T_NK_score,1615,1.90724385335753,1.98659355397046
19,CD8_T_NK_score,440,-0.177102838435663,-0.183996979920369
16,CD8_T_NK_score,783,-0.27512752165911,-0.250329408454971
6,CD8_T_NK_score,3627,-0.248114142712016,-0.251091066781668
14,CD8_T_NK_score,912,-0.0377246246165839,-0.0571720803533248
15,CD8_T_NK_score,902,-0.300044398640551,-0.30216169576144
17,CD8_T_NK_score,764,-0.476939355630132,-0.533449698679281
8,CD8_T_NK_score,3235,-0.20363264628331,-0.202876780400954
13,CD8_T_NK_score,1580,-0.28253483282458,-0.347563171641566
2,B_cell_score,5548,1.34550413425052,1.35697635808916
18,B_cell_score,524,0.197746682046829,0.172763705423513
3,B_cell_score,5161,-0.46195521884727,-0.514442061684865
0,B_cell_score,7730,-0.424258417371064,-0.433148298183713
9,B_cell_score,2578,-0.453919265083751,-0.51388039105055
7,B_cell_score,3375,-0.0668802099498113,-0.0747381434734834
1,B_cell_score,6240,-0.495837585369257,-0.536698784450182
10,B_cell_score,1862,-0.409804150158045,-0.438268913678957
4,B_cell_score,4948,-0.26333776027744,-0.303325378058113
20,B_cell_score,422,0.0383288941944856,0.00364094631427631
21,B_cell_score,317,0.823677583514167,0.833065844762294
22,B_cell_score,308,-0.216715371510767,-0.448966505935204
11,B_cell_score,1739,0.533949525369057,0.522170607372804
24,B_cell_score,117,-0.224433624067787,-0.238144370895579
5,B_cell_score,4780,0.995244257136944,1.00060542784419
23,B_cell_score,236,-0.0512525754656787,-0.140348466560769
12,B_cell_score,1615,-0.268292185475547,-0.286929527459817
19,B_cell_score,440,-0.475293143775005,-0.491413522836829
16,B_cell_score,783,-0.438147685675862,-0.462329958413229
6,B_cell_score,3627,-0.404534809383963,-0.452122450299042
14,B_cell_score,912,-0.0672054320788221,-0.0627446120168882
15,B_cell_score,902,-0.491517017909306,-0.521592053319442
17,B_cell_score,764,-0.363719041945371,-0.369189099679667
8,B_cell_score,3235,-0.439265265069153,-0.461313525041143
13,B_cell_score,1580,-0.204696196284247,-0.225919685944047
2,Plasma_score,5548,0.433071945097097,0.489229504423946
18,Plasma_score,524,0.0719475008110447,-0.235861954015077
3,Plasma_score,5161,-0.14320747486874,-0.209723565128622
0,Plasma_score,7730,-0.152289716773885,-0.230095144185344
9,Plasma_score,2578,-0.149512693047808,-0.218046067425582
7,Plasma_score,3375,-0.231775305393253,-0.28786930569047
1,Plasma_score,6240,-0.127275671931177,-0.200010528276199
10,Plasma_score,1862,-0.148030411775127,-0.199219650723822
4,Plasma_score,4948,-0.185992423140897,-0.200990019950508
20,Plasma_score,422,-0.281661033148902,-0.331422704710997
21,Plasma_score,317,0.319852817338299,0.373424325233131
22,Plasma_score,308,-0.106606545731222,-0.155206587708413
11,Plasma_score,1739,0.212996724080467,0.241942311904199
24,Plasma_score,117,-0.0420660972868584,-0.0969136118307771
5,Plasma_score,4780,0.388950875822231,0.434198016806295
23,Plasma_score,236,1.21673155478151,1.11053474657219
12,Plasma_score,1615,-0.0555960847923709,-0.055319820036794
19,Plasma_score,440,-0.223232843379522,-0.226273968163663
16,Plasma_score,783,-0.238914619354796,-0.240536190511851
6,Plasma_score,3627,-0.293810961747226,-0.330010327475856
14,Plasma_score,912,-0.0775238103986122,-0.0833021274615608
15,Plasma_score,902,-0.232886846322569,-0.277806757422119
17,Plasma_score,764,-0.23745475112412,-0.270270384106162
8,Plasma_score,3235,-0.260630132855858,-0.283149395403887
13,Plasma_score,1580,-0.195050208678886,-0.228840938734963
2,Monocyte_score,5548,-0.726437466091895,-0.782633223966758
18,Monocyte_score,524,0.250019448579387,0.0592255773535244
3,Monocyte_score,5161,-0.840087793941684,-0.878577699678394
0,Monocyte_score,7730,-0.781785316383904,-0.855456972541422
9,Monocyte_score,2578,-0.786348114728852,-0.839623932080146
7,Monocyte_score,3375,2.2651992148233,2.34636579107483
1,Monocyte_score,6240,-0.727480049382493,-0.787119821631949
10,Monocyte_score,1862,2.28958933123994,2.35434084975924
4,Monocyte_score,4948,-0.357998167581411,-0.490247119530729
20,Monocyte_score,422,0.872704428384104,0.85237462306709
21,Monocyte_score,317,-0.822458427540066,-0.923438061510574
22,Monocyte_score,308,-0.721298456381938,-0.831393134441256
11,Monocyte_score,1739,-0.727806725311452,-0.79024612158572
24,Monocyte_score,117,-0.765347798569089,-0.803576591642204
5,Monocyte_score,4780,-0.747329959384325,-0.777025648377822
23,Monocyte_score,236,-0.830333339788568,-0.924357931634732
12,Monocyte_score,1615,-0.771407712029769,-0.80248908346205
19,Monocyte_score,440,2.23364669621661,2.22374498881087
16,Monocyte_score,783,1.98902450067104,2.04200774057798
6,Monocyte_score,3627,2.38971519970832,2.41064526602998
14,Monocyte_score,912,-0.077334077421437,-0.098070586651019
15,Monocyte_score,902,2.16884470220959,2.18479348979137
17,Monocyte_score,764,0.897460620799873,0.866672348638949
8,Monocyte_score,3235,2.529522762072,2.59896647859908
13,Monocyte_score,1580,2.01738362798045,2.16618336307525
2,Classical_monocyte_score,5548,-1.049492322368,-1.10697607948128
18,Classical_monocyte_score,524,-0.146209673034902,-0.40262873672885
3,Classical_monocyte_score,5161,-1.14315613705872,-1.176551164451
0,Classical_monocyte_score,7730,-1.04010552577371,-1.16342336850482
9,Classical_monocyte_score,2578,-1.07842273610267,-1.13112519132965
7,Classical_monocyte_score,3375,2.01752632438629,2.12298741410183
1,Classical_monocyte_score,6240,-1.00959417770699,-1.07892483690093
10,Classical_monocyte_score,1862,2.16097033258444,2.19844340708037
4,Classical_monocyte_score,4948,-0.480500945939426,-0.618318126286052
20,Classical_monocyte_score,422,-0.253112709930713,-0.288101818949655
21,Classical_monocyte_score,317,-1.13029189965619,-1.26472930138395
22,Classical_monocyte_score,308,-0.971193543389198,-1.10723416415858
11,Classical_monocyte_score,1739,-1.00577252005716,-1.0794240367576
24,Classical_monocyte_score,117,-1.11180101729679,-1.17515598952601
5,Classical_monocyte_score,4780,-1.10346501056574,-1.13677981131494
23,Classical_monocyte_score,236,-1.0896763694191,-1.20445723260999
12,Classical_monocyte_score,1615,-1.07933401700366,-1.16488909097748
19,Classical_monocyte_score,440,2.31968229714287,2.31725525504143
16,Classical_monocyte_score,783,1.95889777479767,2.05387599306677
6,Classical_monocyte_score,3627,2.04058508429425,2.10524105825503
14,Classical_monocyte_score,912,-0.0985744225403569,-0.104999225971013
15,Classical_monocyte_score,902,2.11015851539633,2.15273009306379
17,Classical_monocyte_score,764,0.0153600540594849,-0.0486724516963828
8,Classical_monocyte_score,3235,2.4325335683006,2.59588079766155
13,Classical_monocyte_score,1580,1.71218721317791,1.9264068874339
2,Nonclassical_monocyte_score,5548,-0.46382058194084,-0.488094060005501
18,Nonclassical_monocyte_score,524,-0.0747574840908457,0.0101897110077558
3,Nonclassical_monocyte_score,5161,-0.430790969727128,-0.466966524187637
0,Nonclassical_monocyte_score,7730,-0.392379624737821,-0.467016844977176
9,Nonclassical_monocyte_score,2578,-0.296583473724425,-0.305560118086058
7,Nonclassical_monocyte_score,3375,0.401412587337967,0.392271584570408
1,Nonclassical_monocyte_score,6240,-0.385308752167844,-0.423026131700089
10,Nonclassical_monocyte_score,1862,0.153248867311618,0.144536496063894
4,Nonclassical_monocyte_score,4948,-0.219196104703028,-0.258655108023786
20,Nonclassical_monocyte_score,422,1.32144679538925,1.33794282228929
21,Nonclassical_monocyte_score,317,-0.465767031747213,-0.508201307726793
22,Nonclassical_monocyte_score,308,-0.406686765734496,-0.448610136406487
11,Nonclassical_monocyte_score,1739,-0.45111409945838,-0.463628400243826
24,Nonclassical_monocyte_score,117,-0.214547888835688,-0.20643172871019
5,Nonclassical_monocyte_score,4780,-0.464870980821778,-0.489944379683202
23,Nonclassical_monocyte_score,236,-0.51828892356703,-0.541229326885379
12,Nonclassical_monocyte_score,1615,-0.300829459871178,-0.288586499174585
19,Nonclassical_monocyte_score,440,0.291953160144461,0.283880381842905
16,Nonclassical_monocyte_score,783,0.695851641735867,0.679270451271051
6,Nonclassical_monocyte_score,3627,1.02589541700111,1.02118288072116
14,Nonclassical_monocyte_score,912,-0.0883907822251844,-0.0676853918069301
15,Nonclassical_monocyte_score,902,0.205530557606751,0.200328141110129
17,Nonclassical_monocyte_score,764,1.09887899503452,1.12830239888574
8,Nonclassical_monocyte_score,3235,0.799171448966782,0.673816399215118
13,Nonclassical_monocyte_score,1580,1.01322660238376,0.987454027334998
2,Dendritic_cell_score,5548,-0.276220603240269,-0.280028431624284
18,Dendritic_cell_score,524,0.717594949903791,0.740321888814816
3,Dendritic_cell_score,5161,-0.300984130704359,-0.303222008280965
0,Dendritic_cell_score,7730,-0.0201698462696463,0.00643566437604684
9,Dendritic_cell_score,2578,-0.280868602367459,-0.285730695948746
7,Dendritic_cell_score,3375,0.250519181145904,0.254487043891733
1,Dendritic_cell_score,6240,-0.272782966018947,-0.278402001554574
10,Dendritic_cell_score,1862,-0.206606102396235,-0.237186193045244
4,Dendritic_cell_score,4948,0.208309717496085,0.273097115068733
20,Dendritic_cell_score,422,0.280405043065604,0.279856026736818
21,Dendritic_cell_score,317,-0.229039621247885,-0.315059625687388
22,Dendritic_cell_score,308,-0.0194106210604767,-0.0495060040522374
11,Dendritic_cell_score,1739,-0.274498859585838,-0.280703855815096
24,Dendritic_cell_score,117,-0.161386521471181,-0.18272090142713
5,Dendritic_cell_score,4780,-0.290157671894315,-0.29306211705993
23,Dendritic_cell_score,236,-0.211396275607324,-0.270529751788936
12,Dendritic_cell_score,1615,0.34017559276075,0.347339321560712
19,Dendritic_cell_score,440,-0.03361474977359,-0.0347247982092099
16,Dendritic_cell_score,783,0.0318194756094287,0.0217807007950255
6,Dendritic_cell_score,3627,0.151570070923191,0.159236573983424
14,Dendritic_cell_score,912,-0.0316867969603083,-0.035058475553209
15,Dendritic_cell_score,902,0.0818657452626801,0.0943394028140363
17,Dendritic_cell_score,764,0.193011373740032,0.192095389285404
8,Dendritic_cell_score,3235,0.141071882221896,0.124328849935116
13,Dendritic_cell_score,1580,0.161725097005227,0.153413299908309
2,Platelet_score,5548,-0.953382735045971,-0.977307583072585
18,Platelet_score,524,-1.07300169290632,-1.11713112547088
3,Platelet_score,5161,-0.929333007108786,-0.936727474389895
0,Platelet_score,7730,-0.873776278032564,-0.938496956834237
9,Platelet_score,2578,-0.86370950923084,-0.881010196789688
7,Platelet_score,3375,-0.901834078568761,-0.940036472686337
1,Platelet_score,6240,-0.824732365105913,-0.855933227836381
10,Platelet_score,1862,-0.561728625670542,-0.635287560051181
4,Platelet_score,4948,4.22150406821213,4.38765087236186
20,Platelet_score,422,-1.01420336317254,-1.08463535699219
21,Platelet_score,317,-1.06722778084894,-1.08063580598867
22,Platelet_score,308,1.59292390452022,1.6415586956883
11,Platelet_score,1739,-0.877817385989021,-0.924784757867865
24,Platelet_score,117,-0.960724517351509,-1.02728081231658
5,Platelet_score,4780,-0.964503840919533,-0.968549443733575
23,Platelet_score,236,-0.885104393731823,-1.01282930658698
12,Platelet_score,1615,-0.942931154024998,-0.951756397897099
19,Platelet_score,440,-0.751967163766429,-0.924116843423471
16,Platelet_score,783,-0.0895963133004827,-0.617702603415808
6,Platelet_score,3627,-0.954958793493701,-1.00793384064617
14,Platelet_score,912,0.231392821000712,-0.0771640482105141
15,Platelet_score,902,-0.754776998573393,-0.945957605999594
17,Platelet_score,764,-0.89694822939235,-1.0424133109257
8,Platelet_score,3235,-0.92189697085346,-1.01759133744164
13,Platelet_score,1580,-1.02947923066155,-1.07877370745194
2,Erythroid_score,5548,-0.153660854652253,-0.18381146414683
18,Erythroid_score,524,-0.247237786218595,-0.272420956238191
3,Erythroid_score,5161,-0.173346602325162,-0.185721026026117
0,Erythroid_score,7730,-0.0202554480312356,-0.1889831897461
9,Erythroid_score,2578,-0.134975455143163,-0.168660097650183
7,Erythroid_score,3375,-0.217083794435947,-0.227327387485686
1,Erythroid_score,6240,-0.0905895686642421,-0.1618496469179
10,Erythroid_score,1862,-0.0680380845127648,-0.141446661650807
4,Erythroid_score,4948,0.478005705726192,0.444611354968989
20,Erythroid_score,422,-0.261842116630988,-0.262409949913056
21,Erythroid_score,317,-0.209867522849076,-0.231811506919267
22,Erythroid_score,308,0.177419524203399,-0.00130413386499459
11,Erythroid_score,1739,-0.0799006496729714,-0.165444296891092
24,Erythroid_score,117,-0.169081515787426,-0.214012736540787
5,Erythroid_score,4780,-0.144692294613535,-0.195520309064885
23,Erythroid_score,236,-0.222774363901751,-0.25773837141994
12,Erythroid_score,1615,-0.0882375924843784,-0.206291548303975
19,Erythroid_score,440,0.128123372435309,-0.160130714408493
16,Erythroid_score,783,0.537242810258087,0.416444782012913
6,Erythroid_score,3627,-0.258284762656763,-0.285286210788506
14,Erythroid_score,912,6.46385871492863,6.57848053393762
15,Erythroid_score,902,-0.18601657540766,-0.249323507223273
17,Erythroid_score,764,-0.224384738501256,-0.28168322788976
8,Erythroid_score,3235,-0.200555945300309,-0.250550352825792
13,Erythroid_score,1580,-0.249200990250077,-0.294973324329543
