gene_symbol,global_logFC,global_adjP,global_direction,n_dataset_tested,n_direction_consistent,direction_consistency,mean_auc,median_auc,min_auc,max_auc,n_auc_ge_070,n_auc_ge_075,n_auc_ge_080,n_wilcox_p_lt_005,immune_GO_keyword_hit,score_direction,score_auc,score_min_auc,score_logfc,score_p,score_go,priority_score,passes_screening
CD177,3.87584554928468,2.48598899253441e-67,Up_in_Sepsis,6,6,1,0.877121384781303,0.925507749766573,0.546031746031746,1,5,5,5,5,TRUE,1,0.968697175385071,0.747826086956522,1,0.980194515483167,1,0.950802517207316,TRUE
VNN1,2.44147115405792,8.79728227732833e-68,Up_in_Sepsis,6,6,1,0.900885251051325,0.922775723622783,0.73015873015873,1,6,5,5,6,TRUE,1,1,1,0.57053252825288,0.992021935574677,1,0.9347820727954,TRUE
TDRD9,2.77020264723908,4.36545470168418e-68,Up_in_Sepsis,6,6,1,0.899277883518923,0.958818860877684,0.619047619047619,0.993761140819965,5,5,5,5,FALSE,1,0.997882703791261,0.847826086956522,0.668958353288504,1,0,0.876882477174132,TRUE
ARG1,2.96799600844903,3.8950600938975e-49,Up_in_Sepsis,6,6,1,0.873161088311294,0.946093909191583,0.519047619047619,1,5,5,5,5,TRUE,1,0.963480496229618,0.710869565217391,0.728179861320076,0.503191824536287,1,0.855220745303134,TRUE
RNASE3,1.92926146407912,3.80464404487471e-42,Up_in_Sepsis,6,6,1,0.88477401518277,0.881407656395892,0.715873015873016,0.988571428571428,6,5,5,6,TRUE,1,0.978777561487993,0.980434782608695,0.417171312874523,0.319946394196008,1,0.835268822188482,TRUE
IRAK3,1.90641732505035,6.39159430993327e-53,Up_in_Sepsis,6,6,1,0.860573831336622,0.928907641196013,0.6,1,5,4,4,5,TRUE,1,0.946899999900272,0.821739130434782,0.410331526368592,0.602417346209997,1,0.829122333111587,TRUE
TNFAIP6,1.76402121273908,6.42631484489184e-51,Up_in_Sepsis,6,6,1,0.8524114191225,0.906528239202658,0.639122315592904,0.992533333333333,4,4,4,6,TRUE,1,0.936148106455401,0.875319693094629,0.367696564015355,0.54992342549757,1,0.822289213052875,TRUE
TCN1,2.47802732192581,2.08383897092082e-54,Up_in_Sepsis,6,6,1,0.882187077208144,0.903408776844071,0.623015873015873,1,5,5,5,5,FALSE,1,0.975369931399972,0.853260869565217,0.581477847022673,0.641394032355995,0,0.821961190143775,TRUE
RETN,2.93775303488657,4.34731144002101e-55,Up_in_Sepsis,6,6,1,0.870650183418446,0.928073949579832,0.53015873015873,0.997142857142857,5,5,5,5,FALSE,1,0.960173020308298,0.726086956521739,0.719124782369136,0.659237861277393,0,0.82075745305386,TRUE
NLRC4,1.46650230785803,3.81696835772079e-50,Up_in_Sepsis,6,6,1,0.870019194880207,0.899632866479926,0.626984126984127,0.998217468805704,5,5,5,5,TRUE,1,0.959341854061102,0.858695652173913,0.27861613124868,0.529638530854226,1,0.811363176817142,TRUE
FAM20A,1.99754320410777,2.54442860795524e-44,Up_in_Sepsis,6,6,1,0.865241495668035,0.909712722298222,0.593650793650794,0.996533333333333,5,5,4,5,TRUE,1,0.953048455554219,0.81304347826087,0.437615616923859,0.376959212732646,1,0.81120932221724,TRUE
HP,2.32884845126288,2.03989452413032e-45,Up_in_Sepsis,6,6,1,0.858716299336272,0.918632558139535,0.519047619047619,1,5,5,4,5,TRUE,1,0.944453175896009,0.710869565217391,0.536812052210036,0.405691622702126,1,0.811057357653129,TRUE
S100P,2.17525040045097,1.45916124891237e-53,Up_in_Sepsis,6,6,1,0.868796147521729,0.934310520487265,0.665079365079365,0.998217468805704,4,4,4,5,FALSE,1,0.95773080152768,0.910869565217391,0.490823106250743,0.619235142065057,0,0.80949665538503,TRUE
MMP9,2.54435747370295,2.44874858019166e-41,Up_in_Sepsis,6,6,1,0.8353830166692,0.899584717607973,0.558730158730159,0.991466666666667,4,4,4,5,TRUE,1,0.913717535208648,0.765217391304348,0.601337824082447,0.298747248937956,1,0.808973267764409,TRUE
TLR5,1.5448299919184,4.80092378110691e-49,Up_in_Sepsis,6,6,1,0.855156279885692,0.921638095238095,0.637721755368814,0.997142857142857,4,4,4,5,TRUE,1,0.939763759484513,0.873401534526854,0.302068301444382,0.500811121694466,1,0.808330715410486,TRUE
GRB10,2.07194776774077,2.65724186329183e-56,Up_in_Sepsis,6,6,1,0.876233125864863,0.927558761348091,0.604761904761905,1,5,5,4,5,FALSE,1,0.967527121120416,0.828260869565217,0.459893161710108,0.691058716560364,0,0.80258711268346,TRUE
LILRA6,1.05165146612825,2.03133307189849e-46,Up_in_Sepsis,6,6,1,0.877272955599905,0.891283846872082,0.704761904761905,0.989304812834224,6,5,4,6,TRUE,1,0.968896831228003,0.965217391304348,0.154405225962904,0.431955628098301,1,0.801808004768319,TRUE
ANKRD22,2.679264439766,6.9537873272761e-50,Up_in_Sepsis,6,6,1,0.863082668519604,0.915513178294573,0.571428571428571,1,5,5,4,5,FALSE,1,0.950204752141929,0.782608695652174,0.641730453669936,0.522809157089411,0,0.800993213749836,TRUE
TP53I3,1.52113548879156,6.91585248090127e-61,Up_in_Sepsis,6,6,1,0.891300990887311,0.921909617180206,0.628571428571429,1,5,5,5,5,FALSE,1,0.987375185015393,0.860869565217391,0.294973906573662,0.811248755459481,0,0.800713951819224,TRUE
ITGA7,1.80168821172615,2.05665066318847e-37,Up_in_Sepsis,6,6,1,0.865602709131574,0.894576012223071,0.666666666666667,0.997066666666667,5,5,4,6,TRUE,1,0.953524262039966,0.913043478260869,0.378974477841139,0.195869523661202,1,0.799446924393411,TRUE
RNASE2,1.98114516992144,3.00578266599357e-49,Up_in_Sepsis,6,6,1,0.873020982675429,0.896485492801772,0.683333333333333,0.991428571428571,5,5,4,6,FALSE,1,0.963295942836781,0.935869565217391,0.43270586511355,0.506142621495332,0,0.794889359550209,TRUE
C3AR1,1.40566245053667,1.74747951891379e-41,Up_in_Sepsis,6,6,1,0.857632207818528,0.89985049833887,0.69281045751634,0.990196078431372,5,4,4,6,TRUE,1,0.943025162193993,0.948849104859335,0.260400008741049,0.302588752092053,1,0.794553790907461,TRUE
ADAM9,1.19538830528107,2.08731804572858e-43,Up_in_Sepsis,6,6,1,0.872334262170924,0.896524473975637,0.677777777777778,0.995714285714286,5,5,4,6,TRUE,1,0.962391363957751,0.928260869565217,0.197441616680215,0.352997722336589,1,0.792872554357799,TRUE
CLEC5A,1.71008112356672,1.99097934288197e-42,Up_in_Sepsis,6,6,1,0.850530984524418,0.868118715393134,0.611111111111111,0.996434937611408,5,5,4,5,TRUE,1,0.933671114127859,0.83695652173913,0.35154630798753,0.327319606491584,1,0.791108719346515,TRUE
LTF,2.37046304790238,4.61356113909754e-42,Up_in_Sepsis,6,6,1,0.82708838301588,0.888147525676938,0.50952380952381,0.97415329768271,5,4,4,5,TRUE,1,0.902791473786458,0.697826086956522,0.5492719201957,0.317751521690639,1,0.789677295377835,TRUE
MS4A4A,1.97298552375003,1.88184951215416e-58,Up_in_Sepsis,6,6,1,0.870645797957426,0.931143743078627,0.53968253968254,1,5,5,5,5,FALSE,1,0.960167243583433,0.739130434782608,0.430262777295441,0.747419341839795,0,0.788201089070717,TRUE
PGLYRP1,1.86175390369296,5.10865111515769e-41,Up_in_Sepsis,6,6,1,0.854217042945908,0.905679734219269,0.565873015873016,0.995714285714286,5,5,4,5,TRUE,1,0.938526554693682,0.775,0.396958806725962,0.290374815265869,1,0.786389268943586,TRUE
CA4,2.29741446838209,2.40536419438126e-52,Up_in_Sepsis,6,6,1,0.867295390094022,0.926466002214839,0.501587301587302,1,5,5,5,5,FALSE,1,0.955753936904085,0.686956521739131,0.527400371968336,0.587328091163602,0,0.777612524243706,TRUE
ZDHHC19,2.41256100967882,6.15804369658615e-44,Up_in_Sepsis,6,6,1,0.875650603619414,0.932848179271709,0.565079365079365,0.985714285714286,5,5,5,5,FALSE,1,0.966759796835873,0.773913043478261,0.561876513020279,0.366896089723288,0,0.777085981497872,TRUE
LILRA5,1.41125358802352,4.981106664363e-47,Up_in_Sepsis,6,6,1,0.851290304648991,0.902610409745293,0.522222222222222,1,5,5,4,5,TRUE,1,0.93467132446468,0.715217391304348,0.262074056805947,0.447959397276661,1,0.771791054283614,TRUE
VSIG4,2.00130991995618,2.3001775550076e-31,Up_in_Sepsis,6,6,1,0.84482191546104,0.900299003322259,0.593650793650794,0.967914438502673,5,5,4,5,TRUE,1,0.926150873710125,0.81304347826087,0.438743413081954,0.0372986799880265,1,0.769343163813264,TRUE
BPI,1.81642663765543,1.03902499767512e-35,Up_in_Sepsis,6,6,1,0.82684551172595,0.873982150999935,0.577777777777778,0.994285714285714,4,4,4,5,TRUE,1,0.902471552890325,0.791304347826087,0.383387324683946,0.151211269017491,1,0.762066343645352,TRUE
CEACAM1,1.89963266873706,1.61281396013407e-35,Up_in_Sepsis,6,6,1,0.830679190182063,0.898590919158361,0.552380952380952,0.994652406417112,4,4,4,5,TRUE,1,0.907521445150203,0.756521739130435,0.408300125638602,0.146205083944626,1,0.761600221654879,TRUE
UBE2J1,1.07444430381883,8.28625654277472e-47,Up_in_Sepsis,6,6,1,0.85268754156114,0.906951937984496,0.534920634920635,0.991978609625668,5,5,5,5,TRUE,1,0.93651182724775,0.732608695652174,0.161229652283878,0.442164781918664,1,0.759245778556599,TRUE
CEACAM8,2.46429362203839,4.48860557054429e-44,Up_in_Sepsis,6,6,1,0.853392615491111,0.898318242025492,0.501587301587302,0.966131907308378,5,5,5,5,FALSE,1,0.937440582077442,0.68695652173913,0.577365826208574,0.370496384109613,0,0.757930165226349,TRUE
DAAM2,2.25371727818916,1.07980997869469e-34,Up_in_Sepsis,6,6,1,0.840285211965923,0.843239202657807,0.680952380952381,0.973066666666667,5,5,4,6,FALSE,1,0.920174925511127,0.932608695652174,0.514316952564685,0.124556780615968,0,0.755547002947464,TRUE
WFDC1,1.88658834118647,6.08835196744804e-30,Up_in_Sepsis,6,6,1,0.842132097339758,0.88784907902555,0.562698412698413,0.9832,5,5,5,5,TRUE,1,0.922607725304061,0.770652173913043,0.4043945104851,0,1,0.75303932025094,TRUE
IL18RAP,1.68417023426484,1.27672728360466e-37,Up_in_Sepsis,6,6,1,0.819630638612034,0.876749058693245,0.545238095238095,1,4,4,4,5,TRUE,1,0.892967800212304,0.746739130434782,0.343788302716223,0.201297896087522,1,0.751599244645094,TRUE
HMGB3,0.952599754981655,2.03135260708979e-33,Up_in_Sepsis,6,6,1,0.87501940096687,0.913522068446829,0.649206349206349,0.9824,5,5,5,5,TRUE,1,0.965928348547765,0.889130434782608,0.124748054097654,0.091145961945695,1,0.750974874090939,TRUE
BCL6,1.59166304337627,8.17127548702372e-39,Up_in_Sepsis,6,6,1,0.821241039540082,0.906815368853673,0.537301587301587,0.997142857142857,4,4,4,4,TRUE,1,0.89508909214509,0.735869565217391,0.31609063220457,0.232594917083215,1,0.749580248965143,TRUE
C1QB,1.84649177949806,2.67888302358117e-32,Up_in_Sepsis,6,6,1,0.834990952716534,0.873272425249169,0.536507936507936,0.964266666666667,5,5,5,5,TRUE,1,0.913201091082566,0.734782608695652,0.392389158861857,0.0617794921414105,1,0.749214041672537,TRUE
ATP8B4,1.50586744774706,8.04848642373036e-47,Up_in_Sepsis,6,6,1,0.867933564818927,0.908312162074132,0.601587301587302,0.983065953654189,5,5,5,5,FALSE,1,0.956594569116891,0.823913043478261,0.290402487139703,0.442496262708305,0,0.748375326598592,TRUE
ELANE,1.90992482190117,6.40988149164841e-31,Up_in_Sepsis,6,6,1,0.832753097123275,0.881811815635345,0.536507936507936,0.9304,5,5,5,5,TRUE,1,0.910253287877762,0.734782608695652,0.411381709507454,0.0256301829350189,1,0.747563652387296,TRUE
NEDD4,1.15040483890161,3.63437922716079e-38,Up_in_Sepsis,6,6,1,0.865021120987742,0.92434950166113,0.544444444444444,0.982174688057041,5,5,5,5,TRUE,1,0.95275816819574,0.745652173913043,0.183973072037549,0.215603191036088,1,0.74683155645492,TRUE
MERTK,1.33509867236607,1.55736809843133e-36,Up_in_Sepsis,6,6,1,0.851904470540859,0.917957669325658,0.544444444444444,0.974285714285714,5,5,4,5,TRUE,1,0.935480331171718,0.745652173913043,0.239272437370075,0.172819505186818,1,0.745664741562665,TRUE
IL18R1,2.00100360128986,1.03289806449238e-31,Up_in_Sepsis,6,6,1,0.804457395267245,0.849326688815061,0.549206349206349,0.999108734402852,4,4,4,4,TRUE,1,0.872980927290841,0.752173913043478,0.438651697903817,0.0464141270051795,1,0.745159532529865,TRUE
LRG1,1.51547829067225,2.60692827873202e-38,Up_in_Sepsis,6,6,1,0.82290923224822,0.906871317829457,0.517740429505135,0.981428571428571,4,4,4,4,TRUE,1,0.897286509988357,0.709079283887468,0.293280079228753,0.21938620748442,1,0.741478478212382,TRUE
OLAH,2.49869216641562,4.62121478764895e-35,Up_in_Sepsis,6,6,1,0.836007232904907,0.871910299003322,0.555555555555555,0.9728,5,5,3,5,FALSE,1,0.914539780676877,0.760869565217391,0.587665128771859,0.134219811183312,0,0.740064119419782,TRUE
DRAM1,1.27096533846066,9.00981409578775e-48,Up_in_Sepsis,6,6,1,0.858182182847299,0.8827211517165,0.6,0.990196078431373,5,5,5,5,FALSE,1,0.94374961383299,0.821739130434783,0.22007021174563,0.467427750265131,0,0.736139060503472,TRUE
UBE2C,1.24947384397009,3.89895074854973e-47,Up_in_Sepsis,6,6,1,0.871699317321479,0.941346235463883,0.585714285714286,0.988533333333334,5,5,5,5,FALSE,1,0.961554986280966,0.802173913043478,0.213635421893241,0.450748218087587,0,0.735912717933556,TRUE
CCNA1,1.72130165399814,1.6952134371619e-39,Up_in_Sepsis,6,6,1,0.866458672057031,0.908547899159664,0.587301587301587,0.989304812834225,5,5,5,5,FALSE,1,0.954651774584769,0.804347826086956,0.354905858222169,0.250502243143181,0,0.735333809336118,TRUE
SLC26A8,1.74489405834993,5.94696587749987e-39,Up_in_Sepsis,6,6,1,0.862768368197643,0.909143743078627,0.586367880485527,1,5,5,4,5,FALSE,1,0.949790741738783,0.80306905370844,0.361969683596574,0.236212594954054,0,0.733314292612792,TRUE
OPLAH,1.80151583675924,7.25927093520287e-43,Up_in_Sepsis,6,6,1,0.861881601238099,0.908772599949071,0.523809523809524,0.9904,5,5,5,5,FALSE,1,0.948622652746297,0.717391304347826,0.378922866879957,0.338806821947001,0,0.732914603702757,TRUE
HSD3B7,1.15089192404554,1.86882732032183e-33,Up_in_Sepsis,6,6,1,0.846198076129677,0.874252491694352,0.561904761904762,1,5,5,4,5,TRUE,1,0.927963613925156,0.769565217391304,0.184118910687475,0.0920954086457498,1,0.730651244253939,TRUE
ST6GALNAC3,1.51536123367492,7.87619328163532e-48,Up_in_Sepsis,6,6,1,0.852067870681277,0.91617984496124,0.523809523809524,0.988413547237077,5,5,4,5,FALSE,1,0.93569556912498,0.717391304347826,0.29324503107615,0.468958757629112,0,0.729199996814002,TRUE
IL1R1,1.44142444258116,5.35698938474953e-31,Up_in_Sepsis,6,6,1,0.829205850044975,0.887765669988926,0.546031746031746,0.975044563279857,5,4,4,5,TRUE,1,0.905580695804731,0.747826086956522,0.27110754253355,0.0276731845512384,1,0.727281571620054,TRUE
FKBP5,1.3529997358337,1.22818260496759e-34,Up_in_Sepsis,6,6,1,0.814069396196345,0.892815946843854,0.538888888888889,0.993761140819965,4,4,4,5,TRUE,1,0.88564228364857,0.738043478260869,0.244632212680211,0.123090890405642,1,0.725403127776297,TRUE
CCPG1,1.17246560726343,2.82345891272675e-49,Up_in_Sepsis,6,6,1,0.859740306063699,0.919010409745294,0.546031746031746,0.968805704099822,5,5,5,5,FALSE,1,0.945802043232196,0.747826086956522,0.190578308748883,0.506855073475569,0,0.725186779673026,TRUE
ITGAM,0.898251289683477,6.63341296076986e-32,Up_in_Sepsis,6,6,1,0.850736884314449,0.892621483942414,0.598412698412698,0.997142857142857,5,4,4,5,TRUE,1,0.933942334515247,0.819565217391304,0.108475525765709,0.0514560223911397,1,0.72453441406724,TRUE
DDAH2,1.34834604645495,1.04481047628312e-48,Up_in_Sepsis,6,6,1,0.856434219598105,0.910677497665733,0.507936507936508,0.998217468805704,5,5,5,5,FALSE,1,0.941447118674956,0.695652173913043,0.24323884689061,0.491957604918683,0,0.722463549214903,TRUE
ATP9A,1.4126702391796,2.03163635485997e-40,Up_in_Sepsis,6,6,1,0.857565675647755,0.907849390919158,0.585714285714286,0.997142857142857,5,5,4,5,FALSE,1,0.942937523051048,0.802173913043478,0.262498217744942,0.274657209881788,0,0.720047797521756,TRUE
FOLR3,1.78015161331748,5.15214348556505e-35,Up_in_Sepsis,6,6,1,0.823399787464904,0.845797342192691,0.632539682539683,0.92602495543672,5,5,4,5,FALSE,1,0.897932691200509,0.866304347826087,0.372526183379537,0.132981576787515,0,0.718502544719748,TRUE
HK3,1.55728356755882,1.46175166752652e-39,Up_in_Sepsis,6,6,1,0.854494234903264,0.870779623477298,0.561904761904762,1,5,5,5,5,FALSE,1,0.938891684303788,0.769565217391304,0.305797038977833,0.252189271112823,0,0.718190770857789,TRUE
STOM,1.20528458296677,2.02808543513599e-36,Up_in_Sepsis,6,6,1,0.862011174082036,0.849401776214362,0.663492063492063,1,5,5,5,5,FALSE,1,0.948793331875801,0.908695652173913,0.200404671076283,0.169812648069625,0,0.717984312857232,TRUE
CEP55,1.53013437706946,7.11156762906528e-35,Up_in_Sepsis,6,6,1,0.871023931057037,0.904583006535948,0.590476190476191,0.996434937611408,5,5,5,5,FALSE,1,0.960665337368497,0.808695652173913,0.297668272709941,0.129311912640657,0,0.717085381207193,TRUE
SORT1,1.2420298525285,3.2271980765543e-35,Up_in_Sepsis,6,6,1,0.856500811383985,0.839651827242525,0.66984126984127,1,5,5,4,6,FALSE,1,0.94153483634558,0.917391304347826,0.211406608973291,0.138307704691468,0,0.715610908370988,TRUE
PSMA6,0.904160943975404,3.00808455728103e-33,Up_in_Sepsis,6,6,1,0.807603590066517,0.809420667491803,0.617460317460317,0.990196078431372,4,4,3,5,TRUE,1,0.877125235413391,0.845652173913043,0.110244941265664,0.0866759896772314,1,0.715189736868546,TRUE
NDST2,0.781951656038461,3.97211793002998e-34,Up_in_Sepsis,6,6,1,0.833391686785121,0.898252048726467,0.577777777777778,0.982174688057041,4,4,4,5,TRUE,1,0.911094466664013,0.791304347826087,0.073654136180917,0.109726982390536,1,0.714044810839308,TRUE
MTF1,0.980723919903372,9.12268417340459e-34,Up_in_Sepsis,6,6,1,0.871528450290147,0.884609966777409,0.706349206349206,0.994285714285714,6,5,3,6,FALSE,1,0.961329912605938,0.967391304347826,0.133168738435107,0.100260328288562,0,0.713509013028078,TRUE
SIGLEC5,1.16657399808018,2.8675702241913e-40,Up_in_Sepsis,6,6,1,0.843179238808514,0.880448504983389,0.634920634920635,0.982174688057041,5,4,4,5,FALSE,1,0.923987066753429,0.869565217391304,0.188814296152958,0.270733493403678,0,0.713026396398036,TRUE
SIGLEC9,1.11783879868987,7.67218759463547e-42,Up_in_Sepsis,6,6,1,0.846685227363203,0.897209302325581,0.617460317460318,0.981283422459893,5,4,4,5,FALSE,1,0.928605311258862,0.845652173913044,0.174222441378571,0.311960828268204,0,0.712758868498221,TRUE
NAIP,1.13762683001146,2.30085112342629e-32,Up_in_Sepsis,6,6,1,0.819301341339919,0.905921594684385,0.538095238095238,0.995714285714286,4,4,4,5,TRUE,1,0.89253403515749,0.73695652173913,0.180147195620431,0.0635114661616781,1,0.711676914767349,TRUE
FAM89A,1.32134564532337,5.27855293097627e-38,Up_in_Sepsis,6,6,1,0.858733889741003,0.882982502768549,0.592063492063492,0.987142857142857,5,5,5,5,FALSE,1,0.944476346761724,0.810869565217391,0.235154629793089,0.211353960724067,0,0.711381929352496,TRUE
EMILIN2,0.990096145822539,5.19624420098353e-31,Up_in_Sepsis,6,6,1,0.832399897877873,0.880485492801772,0.552380952380952,0.962857142857143,5,5,4,5,TRUE,1,0.909788038077611,0.756521739130434,0.135974885967817,0.0280200561385374,1,0.709612910801875,TRUE
UPP1,1.17437279227313,8.04848642373036e-47,Up_in_Sepsis,6,6,1,0.840548657705977,0.902504983388704,0.533333333333333,1,5,4,4,5,FALSE,1,0.920521947990665,0.730434782608695,0.191149340919421,0.442496262708305,0,0.708643829197248,TRUE
MS4A3,1.90600451457445,3.46283854688263e-36,Up_in_Sepsis,6,6,1,0.820527927835452,0.863853998258923,0.546031746031746,0.9632,5,5,5,5,FALSE,1,0.8941497496001,0.747826086956521,0.410207926371279,0.163721437587305,0,0.708322170637931,TRUE
GNAQ,0.784520720177453,5.10890127233862e-32,Up_in_Sepsis,6,6,1,0.815733579953005,0.831356855638661,0.603174603174603,0.9656,5,3,3,5,TRUE,1,0.887834420722135,0.826086956521739,0.0744233422432956,0.0544291800735223,1,0.706869789038748,TRUE
RAB31,0.744369145125778,1.46451510829669e-41,Up_in_Sepsis,6,6,1,0.86477515695026,0.900199335548173,0.630952380952381,0.97415329768271,5,5,5,5,FALSE,1,0.952434173394582,0.864130434782608,0.0624015190139556,0.304600006606763,0,0.705170045748536,TRUE
OLFM4,3.71089843456121,2.95161129583685e-51,Up_in_Sepsis,6,5,0.833333333333333,0.863076673713883,0.919385247432306,0.465079365079365,0.985739750445633,5,5,5,5,FALSE,0.5,0.95019685551644,0.636956521739131,0.950613019468274,0.558781926692779,0,0.704072680505321,TRUE
CKAP4,1.22546488714671,5.37853262406835e-40,Up_in_Sepsis,6,6,1,0.858282965279135,0.891100280112045,0.552380952380952,1,5,5,5,5,FALSE,1,0.943882368947506,0.756521739130435,0.206446876126853,0.263572566979722,0,0.703967259670817,TRUE
KIF1B,1.1554854251148,1.82027860290933e-39,Up_in_Sepsis,6,6,1,0.856302172793007,0.936935548172757,0.570961718020541,1,5,4,4,5,FALSE,1,0.941273180733463,0.781969309462915,0.185494255435156,0.24969181170516,0,0.702470670125266,TRUE
ZDHHC3,0.670672816660433,8.25449652260908e-38,Up_in_Sepsis,6,6,1,0.867631523100196,0.865028197945845,0.674603174603174,1,5,5,5,6,FALSE,1,0.956196706292702,0.923913043478261,0.0403360276273407,0.206263427109685,0,0.702122715264619,TRUE
LAIR1,0.909673008038856,1.84438322961675e-30,Up_in_Sepsis,6,6,1,0.801572340169331,0.83169822595705,0.587301587301587,0.959001782531194,5,4,4,5,TRUE,1,0.869180604030803,0.804347826086957,0.111895313877806,0.0135969534449378,1,0.699550347548449,TRUE
NUSAP1,1.03331739289866,2.09627991130084e-31,Up_in_Sepsis,6,6,1,0.86638286940804,0.886743977591037,0.665079365079365,0.964285714285714,5,5,5,5,FALSE,1,0.954551923954416,0.910869565217391,0.148915802767021,0.0383555065355113,0,0.699168933037538,TRUE
EXOSC4,1.23752045610514,4.39143621809645e-39,Up_in_Sepsis,6,6,1,0.849883562746217,0.876335387488329,0.547619047619047,0.99,5,5,5,5,FALSE,1,0.932818301283996,0.75,0.210056446081726,0.239664966066398,0,0.697820453904097,TRUE
GSTO1,0.989800032145464,2.32696830044781e-42,Up_in_Sepsis,6,6,1,0.846969932271711,0.864949080407357,0.56031746031746,0.999108734402852,5,5,5,5,FALSE,1,0.928980337263333,0.767391304347826,0.135886226275712,0.325544153522668,0,0.696740146124798,TRUE
RABGEF1,0.615435349138261,1.01072324482508e-30,Up_in_Sepsis,6,6,1,0.836921635612196,0.903832558139535,0.564425770308123,0.997142857142857,4,4,4,4,TRUE,1,0.915744272708959,0.773017902813299,0.0237973222506942,0.0204450996910346,1,0.69629007554139,TRUE
COL17A1,1.53603743826353,3.59462267816533e-31,Up_in_Sepsis,6,6,1,0.858479329678783,0.915108679130567,0.557142857142857,0.957142857142857,5,5,5,5,FALSE,1,0.944141028893364,0.763043478260869,0.299435714163876,0.0322155854464688,0,0.695835746076368,TRUE
S100A12,2.01259510068222,1.51394521184634e-56,Up_in_Sepsis,6,5,0.833333333333333,0.865390778740437,0.935868881506091,0.479365079365079,1,5,5,5,5,TRUE,0.5,0.953245097875813,0.656521739130435,0.442122320325942,0.69746386324123,1,0.695516524605323,TRUE
ASPH,1.35503082364302,6.8669714723611e-39,Up_in_Sepsis,6,6,1,0.845990313663638,0.928096566998892,0.515873015873016,0.988571428571428,5,4,4,5,FALSE,1,0.927689939937848,0.706521739130435,0.245240342711859,0.234574879286447,0,0.694528782186343,TRUE
BATF,0.927559263111281,6.4657568878621e-31,Up_in_Sepsis,6,6,1,0.823030499246915,0.895627021040975,0.507936507936508,0.998217468805704,4,4,4,5,TRUE,1,0.897446248288034,0.695652173913043,0.117250655391528,0.0255313646550539,1,0.693722435347601,TRUE
FGR,0.699682338698548,3.51206730925744e-33,Up_in_Sepsis,6,6,1,0.813104388290435,0.866461794019934,0.536507936507937,0.970666666666667,4,4,4,5,TRUE,1,0.88437113219167,0.734782608695652,0.0490217976241845,0.0849123581456348,1,0.69137323642004,TRUE
EIF4G3,0.790162586150366,1.35819630417882e-31,Up_in_Sepsis,6,6,1,0.855534195844182,0.888601993355482,0.681139122315593,1,5,4,4,6,FALSE,1,0.940261567241608,0.932864450127878,0.0761125789749232,0.0432968971703011,0,0.687754714254933,TRUE
ACER3,1.18200547814887,3.19057894131704e-33,Up_in_Sepsis,6,6,1,0.848281193539196,0.880599526632359,0.578571428571429,0.997326203208556,5,5,4,5,FALSE,1,0.930707589092394,0.792391304347826,0.193434651028554,0.0860053956404826,0,0.685686709598224,TRUE
LCN2,2.63594891405212,4.58554723027538e-45,Up_in_Sepsis,6,5,0.833333333333333,0.842739011639422,0.886380908952728,0.473015873015873,0.993761140819965,5,5,5,5,TRUE,0.5,0.923407179890398,0.647826086956522,0.628761308809541,0.396469225422316,1,0.683157185874261,TRUE
GLA,0.910436998370776,4.48355049970828e-45,Up_in_Sepsis,6,6,1,0.847429817555399,0.910415282392026,0.473015873015873,0.989866666666667,5,5,5,5,FALSE,1,0.929586118671742,0.647826086956522,0.112124060986915,0.396725333454857,0,0.682540891138524,TRUE
NFE2,1.04458314330671,5.51025806227084e-39,Up_in_Sepsis,6,6,1,0.828376944087478,0.915850906958978,0.550420168067227,0.992266666666667,4,4,4,4,FALSE,1,0.904488823904975,0.75383631713555,0.152288892360073,0.237080964804572,0,0.680973525076293,TRUE
CORO2A,0.789854476843066,9.86769702252139e-36,Up_in_Sepsis,6,6,1,0.841994443950942,0.860775350140056,0.619047619047619,0.973262032085562,5,5,4,5,FALSE,1,0.922426402120418,0.847826086956522,0.07602032765918,0.151798777237312,0,0.680484760552212,TRUE
MBOAT2,1.13804332926396,5.34994659951549e-30,Up_in_Sepsis,6,6,1,0.851011282389395,0.864196825396826,0.598412698412698,0.992857142857143,5,5,5,5,FALSE,1,0.934303783898823,0.819565217391304,0.180271900078034,0.0014720430908169,0,0.680413907099129,TRUE
QSOX1,0.770022283001912,5.2223590490184e-39,Up_in_Sepsis,6,6,1,0.84923682621275,0.889651162790698,0.561904761904762,0.999108734402852,5,5,4,5,FALSE,1,0.931966391075061,0.769565217391304,0.0700823506731835,0.237691937017963,0,0.679306246233988,TRUE
AMPD3,0.84514572231257,3.7843084210224e-39,Up_in_Sepsis,6,6,1,0.8446063978986,0.862707641196013,0.549206349206349,0.99108734402852,5,5,5,5,FALSE,1,0.925866984363929,0.752173913043478,0.0925751347448038,0.241359053171687,0,0.67860835779459,TRUE
NDUFAF1,0.852733575581814,5.88202127717688e-36,Up_in_Sepsis,6,6,1,0.826660842020623,0.813475777908063,0.609523809523809,0.999108734402852,5,4,4,5,FALSE,1,0.902228297717457,0.834782608695652,0.0948470214784032,0.157689256610576,0,0.675881859502403,TRUE
RSPH9,0.884279979337729,7.79608677368604e-38,Up_in_Sepsis,6,6,1,0.84103321443212,0.894302325581395,0.550793650793651,0.979500891265597,5,5,4,5,FALSE,1,0.921160227723521,0.754347826086956,0.104292361766721,0.206913951927246,0,0.675835491687833,TRUE
IL1R2,2.59760702850865,1.32878517988583e-46,Up_in_Sepsis,6,5,0.833333333333333,0.840145176210019,0.89516974789916,0.428571428571429,1,5,5,5,5,TRUE,0.5,0.919990464167292,0.58695652173913,0.617281326525161,0.436787950116804,1,0.675311611501512,TRUE
B3GNT8,0.981171763674744,1.32223934927429e-30,Up_in_Sepsis,6,6,1,0.834949166474201,0.853637873754153,0.621428571428571,0.961866666666667,5,5,4,5,FALSE,1,0.91314604838033,0.851086956521739,0.133302827786443,0.0173862598955763,0,0.673340908149884,TRUE
C1orf122,0.685182429819026,9.31370663655052e-32,Up_in_Sepsis,6,6,1,0.834071427979226,0.82530188261351,0.673015873015873,0.997326203208556,5,5,5,6,FALSE,1,0.911989852084081,0.921739130434783,0.0446803654097121,0.0475921459661372,0,0.673319094598512,TRUE
BMX,2.20707254874456,3.40913479278471e-43,Up_in_Sepsis,6,5,0.833333333333333,0.847103952692188,0.918571428571429,0.515873015873016,1,5,4,4,5,TRUE,0.5,0.929156874939036,0.706521739130435,0.500351007486773,0.347412232650946,1,0.669519197739387,TRUE
ANXA3,2.58678350044073,5.86451805407316e-54,Up_in_Sepsis,6,5,0.833333333333333,0.819071558132297,0.900235215946844,0.343650793650794,1,5,5,4,5,TRUE,0.5,0.892231354467155,0.470652173913043,0.614040643165097,0.629613342553285,1,0.668334663157196,TRUE
MKNK1,1.15267573559934,3.79512876843231e-32,Up_in_Sepsis,6,6,1,0.820743503828593,0.881048947951273,0.561904761904762,1,4,4,4,4,FALSE,1,0.894433715913822,0.769565217391305,0.184653003488234,0.0578137071943112,0,0.667244218625508,TRUE
EXOC6,0.881354834161301,5.8583270093548e-35,Up_in_Sepsis,6,6,1,0.828954770689107,0.848882392026578,0.568253968253968,0.987142857142857,5,5,4,5,FALSE,1,0.905249962878033,0.778260869565217,0.103416541124918,0.131519093227345,0,0.666978509789665,TRUE
SIL1,0.752893877656191,3.38067449526118e-35,Up_in_Sepsis,6,6,1,0.843089428978075,0.898654485049834,0.558730158730159,0.943733333333333,5,5,5,5,FALSE,1,0.923868765238895,0.765217391304348,0.0649539177038235,0.137778722770361,0,0.66546419819993,TRUE
MCTP1,0.837775234556957,7.72577990473298e-36,Up_in_Sepsis,6,6,1,0.832410993262703,0.893093687707641,0.549206349206349,0.987142857142857,4,4,4,5,FALSE,1,0.909802653413407,0.752173913043478,0.0903683296369604,0.154584855379127,0,0.664780617964001,TRUE
CDKN2C,0.779347430028553,3.57656933624653e-30,Up_in_Sepsis,6,6,1,0.844411354243365,0.921791197098995,0.607936507936508,0.996434937611408,4,4,4,5,FALSE,1,0.925610064161522,0.832608695652174,0.072874402267613,0.00605679147288913,0,0.664111163083713,TRUE
PCOLCE2,3.01033807459465,7.57239073274128e-46,Up_in_Sepsis,6,5,0.833333333333333,0.879225822685193,0.955710741971207,0.452380952380952,1,5,5,5,5,FALSE,0.5,0.971469234858474,0.619565217391304,0.740857541677884,0.416974377288602,0,0.662201622046781,TRUE
GPR84,2.63565303504576,5.86451805407316e-54,Up_in_Sepsis,6,5,0.833333333333333,0.850561040540247,0.935296566998893,0.482539682539683,1,5,5,4,5,FALSE,0.5,0.933710705252528,0.660869565217391,0.62867271938043,0.629613342553285,0,0.66150588852076,TRUE
ANKS1A,0.932208893949306,1.28081118347683e-31,Up_in_Sepsis,6,6,1,0.819612332168009,0.836029900332226,0.582539682539683,0.9768,5,5,4,5,FALSE,1,0.892943686147694,0.797826086956522,0.118642806009393,0.0439648166142176,0,0.659749921450617,TRUE
MYL6B,0.81147440557549,1.78311252135286e-33,Up_in_Sepsis,6,6,1,0.843999672182709,0.885876377217554,0.538095238095238,0.964349376114082,5,5,5,5,FALSE,1,0.925067778188549,0.73695652173913,0.0824935721363301,0.0926299664612799,0,0.659700844184012,TRUE
FGD4,0.988804792497606,4.71296413717007e-36,Up_in_Sepsis,6,6,1,0.820218190240625,0.90038803986711,0.507002801120448,1,4,4,4,4,FALSE,1,0.893741749424651,0.694373401534527,0.135588240577717,0.160212098203018,0,0.658637980964534,TRUE
FEM1C,0.915331977863819,7.52912700685639e-31,Up_in_Sepsis,6,6,1,0.820576880919152,0.892621483942414,0.582539682539682,0.967023172905526,4,4,4,5,FALSE,1,0.894214232785454,0.797826086956522,0.113589671690876,0.0237978171287518,0,0.657356415345621,TRUE
ELL2,0.822450918171453,4.13895708866593e-36,Up_in_Sepsis,6,6,1,0.845542465104435,0.902731092436975,0.485714285714286,0.994652406417112,5,5,5,5,FALSE,1,0.927100013839819,0.665217391304348,0.085780060746888,0.161690771543006,0,0.656948699113932,TRUE
SLC22A15,1.00705779859017,4.92108912723157e-32,Up_in_Sepsis,6,6,1,0.812809940325672,0.881494246747325,0.558823529411765,0.968571428571428,4,4,4,4,FALSE,1,0.88398327219892,0.765345268542199,0.141053391381053,0.0548556188032318,0,0.656640342528487,TRUE
FBXO30,0.961747470388741,1.72733903956184e-30,Up_in_Sepsis,6,6,1,0.820763741380978,0.842174086378737,0.557142857142857,0.949197860962567,5,5,5,5,FALSE,1,0.8944603737205,0.763043478260869,0.127486980713479,0.0143434201241784,0,0.65335202297472,TRUE
S100A8,1.24880516498391,3.66263532847542e-56,Up_in_Sepsis,6,5,0.833333333333333,0.845019578890988,0.890166112956811,0.484126984126984,1,5,5,5,5,TRUE,0.5,0.926411244796637,0.663043478260869,0.21343521204945,0.687405170101515,1,0.653135693995691,TRUE
DPY19L3,1.05983727723396,4.78040568608271e-31,Up_in_Sepsis,6,6,1,0.828564456499067,0.876785382059801,0.507936507936508,0.998217468805704,5,5,4,5,FALSE,1,0.904735823617328,0.695652173913043,0.156856147850152,0.0289697297947462,0,0.652193968329153,TRUE
CLEC4D,1.94146316224271,7.67722506911822e-47,Up_in_Sepsis,6,5,0.833333333333333,0.823305807077353,0.890146179401993,0.479365079365079,1,4,4,4,5,TRUE,0.5,0.897808896042124,0.656521739130435,0.420824635520812,0.443033953831082,1,0.650248020393432,TRUE
SLC16A3,0.821122517537949,4.32618530773986e-30,Up_in_Sepsis,6,6,1,0.785412102393224,0.771179401993355,0.61984126984127,0.990133333333333,3,3,3,5,FALSE,1,0.847893618020486,0.848913043478261,0.0853823229850897,0.00389033146733052,0,0.644901423522382,TRUE
SIRPD,0.812641981327975,6.85043834981156e-33,Up_in_Sepsis,6,6,1,0.811240482869211,0.863911738056745,0.528571428571429,0.961066666666667,4,4,3,5,FALSE,1,0.881915912833151,0.723913043478261,0.0828431571597115,0.0773056059840513,0,0.643318764544046,TRUE
WSB1,1.02935587767529,3.20599354030405e-31,Up_in_Sepsis,6,6,1,0.804895734624599,0.887679734219269,0.513538748832866,1,4,4,4,4,FALSE,1,0.873558327444048,0.703324808184143,0.147729681533311,0.0335182819211299,0,0.643077499882946,TRUE
DACH1,1.66884442136801,6.86505316522594e-60,Up_in_Sepsis,6,5,0.833333333333333,0.865778364190403,0.938074418604651,0.484126984126984,1,5,5,5,5,FALSE,0.5,0.953755642718378,0.66304347826087,0.339199585754198,0.785116574909294,0,0.639974809908703,TRUE
SAR1B,0.732259951157212,1.30521678421561e-30,Up_in_Sepsis,6,6,1,0.805230859437973,0.871794454215795,0.541269841269841,0.954545454545455,4,4,4,5,FALSE,1,0.873999768796139,0.741304347826087,0.0587758931411838,0.017533789209959,0,0.633965345704928,TRUE
ALPL,1.7372918240842,5.09177939500665e-36,Up_in_Sepsis,6,5,0.833333333333333,0.817135015321609,0.897923439989103,0.498412698412698,0.9656,4,4,4,5,TRUE,0.5,0.889680453899316,0.682608695652174,0.359693491034438,0.159331880336982,1,0.614182652206485,TRUE
IL10,1.24644723851073,1.44137758934672e-39,Up_in_Sepsis,6,5,0.833333333333333,0.841593786737152,0.925169222022847,0.480952380952381,0.988533333333333,5,5,4,5,TRUE,0.5,0.92189863856749,0.658695652173913,0.212729222926686,0.252349080190464,1,0.607518230854383,TRUE
OSCAR,1.03110974368486,1.52271561752631e-36,Up_in_Sepsis,6,5,0.833333333333333,0.840829851771576,0.889482170542636,0.503174603174603,0.996434937611408,5,5,3,5,TRUE,0.5,0.920892349356259,0.689130434782609,0.148254808308733,0.173075701488161,1,0.594183061419395,TRUE
RGL4,1.89683700946587,8.34280461759511e-43,Up_in_Sepsis,6,5,0.833333333333333,0.839343159692818,0.909868881506091,0.456349206349206,1,5,5,4,5,FALSE,0.5,0.918934012237671,0.625,0.407463074501145,0.337222868448689,0,0.589271951691342,TRUE
KCNE1,1.5286260412343,4.79678413365712e-47,Up_in_Sepsis,6,5,0.833333333333333,0.85604819506379,0.928870431893688,0.449206349206349,0.992869875222817,5,5,5,5,FALSE,0.5,0.94093862994011,0.615217391304348,0.297216660369518,0.448388703725417,0,0.588985567105654,TRUE
TSPO,0.992699839500121,1.76666797272523e-36,Up_in_Sepsis,6,5,0.833333333333333,0.83670434459901,0.869729789590255,0.492063492063492,0.998217468805704,5,5,5,5,TRUE,0.5,0.915458047294335,0.673913043478261,0.136754460494967,0.171383814473985,1,0.588375921231683,TRUE
ZNF438,1.32457741474384,3.4809361931096e-46,Up_in_Sepsis,6,5,0.833333333333333,0.84762948421088,0.910615725359911,0.496825396825397,0.995714285714286,5,5,4,5,FALSE,0.5,0.929849128496277,0.680434782608696,0.236122257106361,0.425823286459369,0,0.584020623152079,TRUE
HGF,1.19944061578655,6.10716044447448e-35,Up_in_Sepsis,6,5,0.833333333333333,0.836682758008066,0.922388482834995,0.433333333333333,0.997142857142857,5,4,4,5,TRUE,0.5,0.915429612473895,0.593478260869565,0.198654923020117,0.131045480159849,1,0.581553409341606,TRUE
SAMSN1,1.65825826585072,1.22022923156673e-36,Up_in_Sepsis,6,5,0.833333333333333,0.796147493829573,0.870001771871539,0.373015873015873,1,4,4,4,5,TRUE,0.5,0.862034754462099,0.510869565217391,0.336029974346841,0.175597099130366,1,0.578205067186301,TRUE
SLC22A4,1.27211848475207,2.5126620191895e-36,Up_in_Sepsis,6,5,0.833333333333333,0.800196080800185,0.876221040974529,0.442857142857143,0.997142857142857,4,4,3,5,TRUE,0.5,0.867367733803058,0.606521739130435,0.220415476429644,0.167373295043368,1,0.575988231979266,TRUE
ATP6V1C1,1.13217252226518,2.55697064769439e-50,Up_in_Sepsis,6,5,0.833333333333333,0.835840462339505,0.890996677740864,0.465079365079365,0.994652406417112,5,5,4,5,FALSE,0.5,0.914320103049491,0.636956521739131,0.178514115884959,0.534199947380724,0,0.575036621296533,TRUE
GGH,1.40729663542511,8.37303262190093e-44,Up_in_Sepsis,6,5,0.833333333333333,0.848115447090276,0.90797497665733,0.442857142857143,0.995714285714286,5,5,5,5,FALSE,0.5,0.930489260476918,0.606521739130435,0.260889301672338,0.363397810259539,0,0.570598215289445,TRUE
FAR2,1.17304445764926,3.93884198399416e-42,Up_in_Sepsis,6,5,0.833333333333333,0.849418946549726,0.911648179271709,0.5,0.975044563279857,5,5,5,5,FALSE,0.5,0.932206288106227,0.684782608695652,0.190751622921633,0.319551722909659,0,0.567947193465427,TRUE
LIN7A,1.22879366192071,8.51118919813483e-48,Up_in_Sepsis,6,5,0.833333333333333,0.832486883952548,0.88961284606866,0.447619047619048,0.981428571428571,5,5,5,5,FALSE,0.5,0.909902620015101,0.61304347826087,0.20744354791001,0.468075959171192,0,0.567851435847281,TRUE
PPARG,1.30442672160777,2.15708655220123e-30,Up_in_Sepsis,6,5,0.833333333333333,0.795441679777384,0.900083056478405,0.43968253968254,0.998933333333333,4,4,4,4,TRUE,0.5,0.861105024710409,0.602173913043478,0.230088917928042,0.0118138271831242,1,0.559352314777163,TRUE
WIPI1,1.14934663777312,4.7947199598735e-46,Up_in_Sepsis,6,5,0.833333333333333,0.844107104002043,0.951117086834734,0.420634920634921,0.992869875222816,5,5,4,5,FALSE,0.5,0.925209292172866,0.576086956521739,0.183656234979689,0.422177484503527,0,0.558742014827427,TRUE
GADD45A,1.93239935362856,7.76823806209085e-47,Up_in_Sepsis,6,5,0.833333333333333,0.807248813323779,0.899431932773109,0.29047619047619,1,5,5,4,6,FALSE,0.5,0.876657907663386,0.397826086956522,0.41811083152175,0.442899773083592,0,0.554677887379116,TRUE
MAFG,0.890226360315252,5.15991148011193e-44,Up_in_Sepsis,6,5,0.833333333333333,0.843094747356307,0.89771561461794,0.484126984126984,1,5,5,4,5,FALSE,0.5,0.923875770843924,0.663043478260869,0.10607277364033,0.368909501221767,0,0.554421119160534,TRUE
GALNT14,1.78954357713724,5.15214348556505e-35,Up_in_Sepsis,6,5,0.833333333333333,0.829701340287113,0.907358803986711,0.415873015873016,0.979500891265597,5,5,4,5,FALSE,0.5,0.906233377652535,0.569565217391304,0.375338240656796,0.132981576787515,0,0.551903689681727,TRUE
PLBD1,1.01855646606652,1.84393225713122e-37,Up_in_Sepsis,6,5,0.833333333333333,0.843344867474827,0.905729789590255,0.525396825396825,0.998571428571429,5,4,4,5,FALSE,0.5,0.924205240220401,0.719565217391304,0.144496218906393,0.197112575873565,0,0.551582045098131,TRUE
SMPDL3A,1.55544723035731,2.78248568271023e-34,Up_in_Sepsis,6,5,0.833333333333333,0.822956302652609,0.866410830999067,0.474603174603175,0.987522281639929,5,5,5,5,FALSE,0.5,0.897348513224548,0.65,0.305247219420378,0.113779711254255,0,0.548869608005847,TRUE
GYG1,1.43362508401102,2.88850138786563e-36,Up_in_Sepsis,6,5,0.833333333333333,0.814080196006051,0.815386619764185,0.486507936507937,1,5,5,3,5,FALSE,0.5,0.88565650963963,0.666304347826087,0.268772328786348,0.165786210335861,0,0.54753707541734,TRUE
ADM,1.46763074436393,4.48475406520604e-36,Up_in_Sepsis,6,5,0.833333333333333,0.776207116175105,0.885971301839975,0.303968253968254,0.9984,4,4,4,5,TRUE,0.5,0.835768399594556,0.416304347826087,0.278953997551111,0.160777199846722,1,0.546096991669619,TRUE
DHRS9,1.72451910292847,1.57276669017872e-39,Up_in_Sepsis,6,5,0.833333333333333,0.800837171664531,0.837899003322259,0.380952380952381,1,5,5,4,5,FALSE,0.5,0.868212207284808,0.521739130434783,0.35586919782317,0.25135584219254,0,0.542240495643389,TRUE
CLEC1B,1.63527954118262,8.96509769629034e-33,Up_in_Sepsis,6,5,0.833333333333333,0.793243728799953,0.904774229691877,0.251587301587302,0.981283422459893,5,4,4,6,TRUE,0.5,0.85820978564548,0.344565217391304,0.32914989142008,0.0742426020013832,1,0.54094446221549,TRUE
BST1,0.968204041998531,5.53821610425836e-31,Up_in_Sepsis,6,5,0.833333333333333,0.791235115798727,0.812254706533776,0.415873015873016,1,5,4,3,5,TRUE,0.5,0.855563951008043,0.569565217391304,0.129420149274378,0.0272943848913602,1,0.539246428791401,TRUE
SNX3,0.868286394649072,1.75201694433819e-32,Up_in_Sepsis,6,5,0.833333333333333,0.811300453824941,0.86156167893514,0.379365079365079,1,5,5,4,5,TRUE,0.5,0.881994909250985,0.519565217391304,0.0995037065848741,0.0666141496089063,1,0.539120226332613,TRUE
JAK2,0.910082780533342,1.87142771959601e-30,Up_in_Sepsis,6,5,0.833333333333333,0.791422467789089,0.841720930232558,0.426984126984127,0.981283422459893,4,4,3,5,TRUE,0.5,0.8558107394064,0.584782608695652,0.112018004270066,0.0134312179333145,1,0.537606435560109,TRUE
GCLM,1.11796053013972,1.30868818499292e-40,Up_in_Sepsis,6,5,0.833333333333333,0.836353042640594,0.889582072829132,0.4,0.997326203208556,5,5,5,5,FALSE,0.5,0.914995296685229,0.547826086956522,0.174258889113676,0.279664745515756,0,0.535777809967674,TRUE
TIMP1,1.07885729278953,3.44843883957816e-35,Up_in_Sepsis,6,5,0.833333333333333,0.838200238065628,0.919900332225914,0.468253968253968,0.957219251336898,5,5,5,5,FALSE,0.5,0.917428504891433,0.641304347826087,0.162550949723655,0.137552761559238,0,0.534562122255815,TRUE
UBE2F,0.885131952694476,2.41136916050442e-38,Up_in_Sepsis,6,5,0.833333333333333,0.824184067632221,0.863526806071266,0.496031746031746,1,5,4,4,5,FALSE,0.5,0.89896578001895,0.679347826086957,0.104547451961258,0.220274026362183,0,0.534301428349136,TRUE
KIF5B,0.535954894955098,1.1769173935169e-32,Up_in_Sepsis,6,5,0.833333333333333,0.798739939292607,0.846611295681063,0.446031746031746,0.962666666666666,5,4,4,5,TRUE,0.5,0.865449639259506,0.610869565217391,0,0.071144093781085,1,0.533379735938569,TRUE
LILRB3,0.729258330489257,5.04170883441705e-31,Up_in_Sepsis,6,5,0.833333333333333,0.779701709558618,0.889850498338871,0.455555555555556,0.982933333333333,4,4,4,4,TRUE,0.5,0.840371633872245,0.623913043478261,0.057877174896003,0.0283637964444334,1,0.532216402562256,TRUE
SRPK1,1.07645336179655,2.60891517881718e-32,Up_in_Sepsis,6,5,0.833333333333333,0.822427527045584,0.92154345882116,0.505135387488329,0.994285714285714,4,4,4,4,FALSE,0.5,0.896651986409455,0.691815856777493,0.161831186341622,0.0620808147305924,0,0.528250733863763,TRUE
RAB13,1.18376207033938,3.79496338355826e-41,Up_in_Sepsis,6,5,0.833333333333333,0.83701404218723,0.915021822682561,0.336507936507937,0.991428571428571,5,5,5,5,FALSE,0.5,0.915865994771297,0.460869565217391,0.193960594052537,0.293759281052681,0,0.527360250427147,TRUE
ZBTB8OS,0.657093876972196,3.44565369268408e-34,Up_in_Sepsis,6,5,0.833333333333333,0.827265434621112,0.877458471760797,0.544444444444445,0.943850267379679,5,5,4,5,FALSE,0.5,0.903024694058084,0.745652173913044,0.0362703437192061,0.111345841094138,0,0.524330369971677,TRUE
PNPLA1,1.16101615215507,1.6374427015105e-37,Up_in_Sepsis,6,5,0.833333333333333,0.831807885381073,0.926668881506091,0.377777777777778,0.975044563279857,5,5,5,5,FALSE,0.5,0.909008212810686,0.517391304347826,0.187150215947845,0.198464773180816,0,0.523230169205638,TRUE
SLC2A14,1.24245715701238,1.22353222771339e-39,Up_in_Sepsis,6,5,0.833333333333333,0.794262475579849,0.865182724252492,0.399206349206349,0.992,4,3,3,5,FALSE,0.5,0.859551724344164,0.546739130434783,0.211534548636024,0.254214680937465,0,0.522028037257617,TRUE
CARD6,1.07974462178156,1.26037247048093e-48,Up_in_Sepsis,6,5,0.833333333333333,0.808537441116921,0.896761157796452,0.292063492063492,0.997142857142857,5,5,4,6,FALSE,0.5,0.878355345670497,0.4,0.162816625784301,0.489822003364658,0,0.52191129790526,TRUE
BAZ1A,0.965030325075199,1.66971927818157e-32,Up_in_Sepsis,6,5,0.833333333333333,0.813509237512247,0.893704318936877,0.503174603174603,0.968805704099822,4,4,4,5,FALSE,0.5,0.884904417644545,0.689130434782609,0.128469903517314,0.067161931252153,0,0.519827569163567,TRUE
CNIH4,1.03302303544211,4.16184209772002e-37,Up_in_Sepsis,6,5,0.833333333333333,0.816157200564041,0.915327131782946,0.402380952380952,1,4,4,4,5,FALSE,0.5,0.888392432686174,0.551086956521739,0.14882766890666,0.187844112198317,0,0.515289334839944,TRUE
LRRN1,1.14598038563746,1.29640537391709e-31,Up_in_Sepsis,6,5,0.833333333333333,0.808708925487038,0.867932225913621,0.457142857142857,0.994652406417112,4,4,4,5,FALSE,0.5,0.878581232531707,0.626086956521739,0.182648342062208,0.0438270322489084,0,0.514267367771995,TRUE
FLOT1,0.911100110764973,3.82265394668491e-33,Up_in_Sepsis,6,5,0.833333333333333,0.818869754544994,0.866046068660022,0.461111111111111,1,5,4,3,5,FALSE,0.5,0.891965529780708,0.631521739130435,0.112322604131834,0.0839475484747338,0,0.512561065271026,TRUE
BCL2A1,1.46266176595866,8.17127548702372e-39,Up_in_Sepsis,6,5,0.833333333333333,0.780772094076061,0.886279069767442,0.33968253968254,0.998217468805704,4,4,4,4,FALSE,0.5,0.841781592102078,0.465217391304348,0.277466230758857,0.232594917083215,0,0.512196512648426,TRUE
ZDHHC20,0.973714463373576,1.27383727363881e-34,Up_in_Sepsis,6,5,0.833333333333333,0.80268802835205,0.860137763012182,0.444444444444444,0.974153297682709,5,4,3,5,FALSE,0.5,0.870650238269263,0.608695652173913,0.131070030047541,0.122675338416051,0,0.509427457655602,TRUE
CMTM4,0.817176139405242,5.42041970252621e-33,Up_in_Sepsis,6,5,0.833333333333333,0.835851294128175,0.897502104097453,0.426984126984127,0.988413547237077,5,5,5,5,FALSE,0.5,0.914334371164669,0.584782608695652,0.084200733962829,0.0799714038400851,0,0.507644953132181,TRUE
YIPF1,0.703283265890365,1.14491877900785e-31,Up_in_Sepsis,6,5,0.833333333333333,0.809638829964685,0.908632558139535,0.50952380952381,0.974153297682709,4,4,4,4,FALSE,0.5,0.879806144187146,0.697826086956522,0.0500999548348552,0.0452418151387986,0,0.50565493103873,TRUE
MAN1A1,0.803420407851197,5.48807131267254e-31,Up_in_Sepsis,6,5,0.833333333333333,0.802072175734282,0.838425770308123,0.502380952380952,0.951871657754011,5,4,3,5,FALSE,0.5,0.869839009731635,0.68804347826087,0.0800821166253982,0.0273979425528687,0,0.503910336407718,TRUE
ATP11B,1.07322847417172,6.10873599655897e-35,Up_in_Sepsis,6,5,0.833333333333333,0.807756452545782,0.845554817275747,0.377777777777778,0.995714285714286,5,5,5,5,FALSE,0.5,0.87732659268936,0.517391304347826,0.160865619513663,0.131042543253192,0,0.503040770711351,TRUE
SLC36A1,1.07314999994697,4.21977788468603e-31,Up_in_Sepsis,6,5,0.833333333333333,0.809864732663091,0.870676177447723,0.412698412698413,0.9944,5,4,3,5,FALSE,0.5,0.880103713297656,0.565217391304348,0.160842123467573,0.0303899923440202,0,0.500979040439487,TRUE
PDGFC,1.05706116504342,1.92422022404546e-32,Up_in_Sepsis,6,5,0.833333333333333,0.809197325084603,0.875599852344038,0.399206349206349,0.975044563279858,5,5,4,5,FALSE,0.5,0.879224574266208,0.546739130434783,0.156024949323655,0.065546721681859,0,0.500736656411814,TRUE
TXN,1.07724769978705,4.81660482471729e-32,Up_in_Sepsis,6,5,0.833333333333333,0.802581818050218,0.847404651162791,0.407936507936508,1,5,4,4,5,FALSE,0.5,0.870510333322283,0.558695652173913,0.162069019873528,0.055099958659287,0,0.49977779666973,TRUE
GSR,0.656231529684725,4.95512857693166e-33,Up_in_Sepsis,6,5,0.833333333333333,0.823779320532535,0.888150609080842,0.441269841269841,0.981428571428571,5,5,4,5,FALSE,0.5,0.898432629085895,0.604347826086957,0.0360121474556987,0.0809932554163377,0,0.498683110298801,TRUE
UBL5,0.66814942946255,1.1045251425396e-31,Up_in_Sepsis,6,5,0.833333333333333,0.796122243212531,0.829430221701084,0.496825396825397,1,4,4,3,5,FALSE,0.5,0.862001493223052,0.680434782608696,0.0395804977435668,0.0456507622910432,0,0.496167816248859,TRUE
AIG1,0.689150946457883,5.27316096920378e-32,Up_in_Sepsis,6,5,0.833333333333333,0.813045839806442,0.878519140989729,0.447619047619048,0.945714285714286,5,5,4,5,FALSE,0.5,0.884294009517056,0.613043478260869,0.045868582944233,0.0540688783420139,0,0.494531899870084,TRUE
CDK5RAP2,1.11105361475339,3.14186600969415e-33,Up_in_Sepsis,6,5,0.833333333333333,0.808623428605645,0.89087707641196,0.317460317460317,0.995714285714286,5,5,4,6,FALSE,0.5,0.878468612226032,0.434782608695652,0.172190882672395,0.0861805674150707,0,0.488204664114524,TRUE
STK3,0.846934836203512,3.60592315631554e-33,Up_in_Sepsis,6,5,0.833333333333333,0.800108870083152,0.901461794019933,0.382539682539682,0.988800000000001,4,4,4,5,FALSE,0.5,0.867252855956634,0.523913043478261,0.0931108151236278,0.0846120882300716,0,0.486190644400281,TRUE
TPST2,0.805624259723993,2.80562907537168e-34,Up_in_Sepsis,6,5,0.833333333333333,0.81146198326171,0.899683660130719,0.341269841269841,0.96,5,5,5,5,FALSE,0.5,0.88220768302996,0.467391304347826,0.0807419741180197,0.113685403607158,0,0.483250837039581,TRUE
PLIN3,0.83754813239829,3.39111374330919e-30,Up_in_Sepsis,6,5,0.833333333333333,0.790372062491898,0.864252491694352,0.392063492063492,0.983065953654189,4,4,4,5,FALSE,0.5,0.854427098696638,0.53695652173913,0.0903003327525796,0.00666302067715659,0,0.476082959850463,TRUE
FCER1A,-1.88104619718142,1.58637649535149e-34,Down_in_Sepsis,6,6,1,0.182909095778316,0.138061285120109,0.00142857142857143,0.5,0,0,0,5,TRUE,1,0.0542497836489212,0.00195652173913043,0.402735131607571,0.120177143704117,1,0.388996397467093,FALSE
GNLY,-1.71505694799386,3.61418237152948e-37,Down_in_Sepsis,6,6,1,0.181939914420079,0.146336134453781,0.00445632798573975,0.444444444444444,0,0,0,5,TRUE,1,0.0529731347344625,0.00610323180655661,0.353036124554037,0.189450518976505,1,0.388707895772078,FALSE
PVRIG,-1.32265178421908,7.95190703902167e-41,Down_in_Sepsis,6,6,1,0.184826234726919,0.114234360410831,0.0151515151515152,0.417460317460318,0,0,0,4,TRUE,1,0.0567751245841319,0.0207509881422925,0.235545702145718,0.285336993307324,1,0.384010740249174,FALSE
KLRB1,-1.45640945344104,7.87080246418945e-36,Down_in_Sepsis,6,6,1,0.190266526643544,0.112259570494865,0.0250666666666667,0.504983388704319,0,0,0,4,TRUE,1,0.063941319755621,0.0343304347826087,0.275594219616961,0.15437311613511,1,0.381108405700133,FALSE
UBASH3A,-1.15167481230477,2.04913095938229e-42,Down_in_Sepsis,6,6,1,0.192536868127566,0.138528138528139,0.0032,0.43968253968254,0,0,0,4,TRUE,1,0.0669319148247394,0.00438260869565217,0.184353316043895,0.326991827373194,1,0.381089145895673,FALSE
GPR183,-1.2254375612816,9.29323212226917e-44,Down_in_Sepsis,6,6,1,0.169944555449617,0.115311297852474,0.00445632798573975,0.463492063492064,0,0,0,5,TRUE,1,0.0371723128572943,0.00610323180655661,0.20643869446226,0.36221063944984,1,0.379254046742495,FALSE
PFKFB3,1.45860383165252,7.59863962958933e-32,Up_in_Sepsis,6,4,0.666666666666667,0.766064324306185,0.871309856035438,0.417366946778711,0.991428571428571,4,4,3,4,FALSE,0,0.822407861735485,0.571611253196931,0.276251240591176,0.0499093024366452,0,0.378892662832526,FALSE
FYN,-1.10535090053121,4.79678413365712e-47,Down_in_Sepsis,6,6,1,0.147372913290287,0.0804586367880485,0.00089126559714795,0.449206349206349,0,0,0,5,TRUE,1,0.00743993901896188,0.00122064636131132,0.170483427305619,0.448388703725417,1,0.37282646312827,FALSE
CD247,-1.28671368890664,4.1354732965981e-40,Down_in_Sepsis,6,6,1,0.172342642896952,0.120560597572362,0,0.40531561461794,0,0,0,4,TRUE,1,0.0403311806072735,0,0.224785441097694,0.266564837827203,1,0.372473654129557,FALSE
RUNX3,-1.02947215237163,2.90485158896415e-44,Down_in_Sepsis,6,6,1,0.172199470044067,0.0824265172735761,0.00267379679144385,0.441860465116279,0,0,0,4,TRUE,1,0.0401425869393673,0.00366193908393397,0.147764495456393,0.37545090291478,1,0.372301831554337,FALSE
IL32,-1.30207160722733,6.64381649112937e-38,Down_in_Sepsis,6,6,1,0.180938737515208,0.140994397759104,0.00445632798573975,0.411111111111111,0,0,0,4,TRUE,1,0.0516543398588487,0.00610323180655661,0.229383770776776,0.208734898333685,1,0.371692842178523,FALSE
CD8A,-1.35150687057151,9.93558627255411e-32,Down_in_Sepsis,6,6,1,0.200423122765667,0.187693744164332,0.0169340463458111,0.40531561461794,0,0,0,4,TRUE,1,0.0773200411927356,0.0231922808649151,0.244185232399507,0.0468562347270768,1,0.367988262820192,FALSE
KLRF1,-1.35385555275003,4.98056246262806e-33,Down_in_Sepsis,6,6,1,0.182427675885952,0.153958916900093,0.0285204991087344,0.353968253968254,0,0,0,4,TRUE,1,0.0536156358934353,0.0390606835619623,0.244888453678766,0.0809349648460088,1,0.366770557838741,FALSE
CD3G,-1.32464206024171,1.16745820592569e-34,Down_in_Sepsis,6,6,1,0.187814118515623,0.151947338935574,0,0.460132890365448,0,0,0,5,TRUE,1,0.0607108983822529,0,0.23614161267951,0.123668211307059,1,0.366001332547308,FALSE
CD27,-1.18798984817422,1.75888013243651e-34,Down_in_Sepsis,6,6,1,0.20004313106967,0.178847296494355,0.00285714285714286,0.474603174603175,0,0,0,4,TRUE,1,0.0768194991816096,0.00391304347826087,0.195226437240954,0.119001875663386,1,0.364816959428704,FALSE
RASGRP1,-1.13212604129751,2.64291501619484e-34,Down_in_Sepsis,6,6,1,0.19868479834499,0.138378338001867,0.0017825311942959,0.476744186046512,0,0,0,4,TRUE,1,0.0750302427295558,0.00244129272262265,0.178500198971958,0.114365634711043,1,0.361086860044158,FALSE
CD2,-1.20108156427809,1.01052589305103e-35,Down_in_Sepsis,6,6,1,0.180267329012883,0.165038281979458,0.0035650623885918,0.423809523809524,0,0,0,5,TRUE,1,0.0507699306320654,0.00488258544524529,0.199146241048572,0.151527921736084,1,0.360988095337301,FALSE
SKAP1,-1.08802724446919,1.22022923156673e-36,Down_in_Sepsis,6,6,1,0.186885072995607,0.123205975723623,0,0.435215946843854,0,0,0,4,TRUE,1,0.0594871181841185,0,0.165296534124082,0.175597099130366,1,0.360200325486884,FALSE
PLEKHA1,-1.0216419373772,1.94693559263376e-36,Down_in_Sepsis,6,6,1,0.194411496898501,0.118007469654528,0,0.480952380952381,0,0,0,4,TRUE,1,0.0694012594578015,0,0.145420042956345,0.170277582077858,1,0.359661142488578,FALSE
PRF1,-1.39645690392002,2.15055827308707e-31,Down_in_Sepsis,6,6,1,0.175817381291253,0.143466666666667,0.00267379679144385,0.382539682539682,0,0,0,5,TRUE,1,0.0449082610075601,0.00366193908393397,0.257643766824951,0.0380644566813224,1,0.356474779856733,FALSE
HLA-DRB1,-1.18888124923953,8.42152423314823e-34,Down_in_Sepsis,6,6,1,0.176388638518597,0.126894491129785,0.01,0.49047619047619,0,0,0,5,TRUE,1,0.0456607465077896,0.013695652173913,0.195493332525132,0.101170864913213,1,0.355193658148515,FALSE
TMC8,-0.652018580014211,9.21494137650179e-40,Down_in_Sepsis,6,6,1,0.17856470917237,0.139083473389356,0.0213903743315508,0.392063492063492,0,0,0,4,TRUE,1,0.0485271638344457,0.0292955126714718,0.0347507439827878,0.257442483960569,1,0.34990933604453,FALSE
TXK,-1.0413725651011,1.89787881383116e-34,Down_in_Sepsis,6,6,1,0.168931398408553,0.180173295985061,0.00142857142857143,0.420634920634921,0,0,0,5,TRUE,1,0.0358377372119241,0.00195652173913043,0.15132760992963,0.118135898650029,1,0.345557530778894,FALSE
PRKCH,-1.12359583350801,1.35460284938267e-35,Down_in_Sepsis,6,6,1,0.146894233455656,0.08039477124183,0,0.39047619047619,0,0,0,4,TRUE,1,0.00680940058973979,0,0.175946160929292,0.14819153934965,1,0.343253898251281,FALSE
NCR3,-0.942393312813246,2.21357828811941e-32,Down_in_Sepsis,6,6,1,0.179754206122195,0.126577964519141,0.0151515151515152,0.403174603174603,0,0,0,4,TRUE,1,0.0500940222731057,0.0207509881422925,0.121692133043719,0.0639517300337296,1,0.342789847863206,FALSE
P2RY10,-1.26799133881368,4.48671958815278e-39,Down_in_Sepsis,6,6,1,0.198118692231415,0.19093370681606,0,0.40952380952381,0,0,0,4,FALSE,1,0.0742845425061438,0,0.219179763537955,0.239420570264733,0,0.32910438430901,FALSE
FGFBP2,-1.75492114854595,8.93298145189427e-33,Down_in_Sepsis,6,6,1,0.17188574639628,0.139439775910364,0.0142602495543672,0.33968253968254,0,0,0,5,FALSE,1,0.0397293361571658,0.0195303417809812,0.364971904697142,0.0742834622979994,0,0.327022484048668,FALSE
SIGIRR,-0.640182464334495,2.58198642927538e-30,Down_in_Sepsis,6,6,1,0.170202914955035,0.172616333355047,0.0204991087344029,0.438095238095238,0,0,0,5,TRUE,1,0.0375126355217049,0.0280748663101604,0.0312068807535014,0.00976670519040774,1,0.321122723235102,FALSE
LBH,-1.00567082297879,4.62159828379284e-37,Down_in_Sepsis,6,6,1,0.218600427833807,0.193295238095238,0,0.474603174603175,0,0,0,4,FALSE,1,0.101263998209436,0,0.140638115626566,0.1866511058701,0,0.320140027393826,FALSE
TARP,-1.38513683449016,2.62560415303098e-32,Down_in_Sepsis,6,6,1,0.167564454130254,0.152126245847176,0.036541889483066,0.361811391223156,0,0,0,6,FALSE,1,0.0340371372373342,0.0500465008137642,0.254254413519271,0.0620082146628213,0,0.312057099787438,FALSE
SAMD3,-1.20671861250229,6.99028657205952e-37,Down_in_Sepsis,6,6,1,0.162801366541449,0.1303081232493,0,0.411111111111111,0,0,0,5,FALSE,1,0.0277629858124873,0,0.200834035293241,0.181939996085868,0,0.306648000646319,FALSE
CLEC2D,-0.686958514664407,1.71221176091213e-33,Down_in_Sepsis,6,6,1,0.235112306966479,0.222516339869281,0.0071301247771836,0.493355481727575,0,0,0,4,FALSE,1,0.123014181899241,0.00976517089049058,0.0452121447489784,0.093091927887614,0,0.304460044704454,FALSE
SBK1,-1.05495842213031,1.76815770680984e-32,Down_in_Sepsis,6,6,1,0.197740362388789,0.122974789915966,0.00089126559714795,0.476744186046512,0,0,0,4,FALSE,1,0.0737861895624045,0.00122064636131132,0.155395364965741,0.0665097387669672,0,0.302279232444476,FALSE
RSAD1,-0.676416277157917,5.27855293097627e-38,Down_in_Sepsis,6,6,1,0.196234088129027,0.126862745098039,0.00267379679144385,0.471760797342193,0,0,0,4,FALSE,1,0.0718020579215522,0.00366193908393397,0.0420556828771431,0.211353960724067,0,0.299533656743034,FALSE
PYHIN1,-0.987875881767715,9.13501740767374e-34,Down_in_Sepsis,6,6,1,0.169383888918499,0.149360410830999,0.0285333333333333,0.358730158730159,0,0,0,5,FALSE,1,0.0364337778945225,0.0390782608695652,0.135310114487365,0.10024494625829,0,0.297112884297725,FALSE
ZBTB4,-0.740947658621366,1.17735345933097e-34,Down_in_Sepsis,6,6,1,0.188355065211426,0.108799253034547,0.0017825311942959,0.51328903654485,0,0,0,4,FALSE,1,0.061423457498364,0.00244129272262265,0.0613770883189038,0.123572115541378,0,0.290357005959876,FALSE
KLHL3,-0.931635082783454,6.73587018392197e-33,Down_in_Sepsis,6,6,1,0.166051049219312,0.120412698412698,0.00285714285714286,0.395238095238095,0,0,0,4,FALSE,1,0.0320436127846921,0.00391304347826087,0.118471000634535,0.077497629979199,0,0.285720453450247,FALSE
EPHX2,-0.930802446435272,5.04054584208493e-33,Down_in_Sepsis,6,6,1,0.163320369482066,0.115151515151515,0.00142857142857143,0.365448504983389,0,0,0,5,FALSE,1,0.0284466396354877,0.00195652173913043,0.118221700153064,0.0807986625786911,0,0.284640591432345,FALSE
BCL11B,-1.50969765197233,4.31298056348773e-50,Down_in_Sepsis,6,5,0.833333333333333,0.173147385259013,0.114311111111111,0,0.507936507936508,0,0,0,5,TRUE,0.5,0.0413912231413278,0,0.291549292416189,0.528247531295962,1,0.283974513934423,FALSE
DHRS3,-0.863387137841278,2.95498378764779e-31,Down_in_Sepsis,6,6,1,0.179965787508332,0.162387675070028,0.00285714285714286,0.374603174603175,0,0,0,4,FALSE,1,0.0503727267123063,0.00391304347826087,0.0980368152058277,0.034446530242046,0,0.28384894984051,FALSE
CD3E,-1.45470487570844,1.74833985896793e-47,Down_in_Sepsis,6,5,0.833333333333333,0.146881512012839,0.0419114064230343,0.0071301247771836,0.531746031746032,0,0,0,5,TRUE,0.5,0.00679264333783341,0.00976517089049058,0.275083850293824,0.459879866475936,1,0.265753132826591,FALSE
NR1D2,-0.968609296578516,7.17499920856219e-41,Down_in_Sepsis,6,5,0.833333333333333,0.237140668228767,0.131741363211951,0.00267379679144385,0.730897009966777,1,0,0,5,TRUE,0.5,0.125686029827,0.00366193908393397,0.12954148695334,0.286507528290014,1,0.261337075682692,FALSE
HLA-DPB1,-1.16674335973923,1.04589759875384e-43,Down_in_Sepsis,6,5,0.833333333333333,0.185307040175713,0.0796031746031746,0.0053475935828877,0.518272425249169,0,0,0,4,TRUE,0.5,0.0574084629671416,0.00732387816786794,0.18886500489662,0.360865165763725,1,0.257737387926188,FALSE
TRIB2,-1.16580973851287,2.3466756731453e-38,Down_in_Sepsis,6,5,0.833333333333333,0.2151936797458,0.124813445378151,0.00980392156862745,0.563492063492063,0,0,0,4,TRUE,0.5,0.0967764776732409,0.0134271099744246,0.188585468431811,0.220583655281172,1,0.256393195591025,FALSE
HLA-DPA1,-1.40753871740241,8.25449652260908e-38,Down_in_Sepsis,6,5,0.833333333333333,0.185551992861979,0.0909964519140989,0.00267379679144385,0.555555555555555,0,0,0,4,TRUE,0.5,0.0577311255713666,0.00366193908393397,0.260961783679192,0.206263427109685,1,0.252639238796847,FALSE
ZAP70,-1.09653296652573,9.23157996695896e-40,Down_in_Sepsis,6,5,0.833333333333333,0.207031314644721,0.105009337068161,0,0.585714285714286,0,0,0,4,TRUE,0.5,0.0860246462877726,0,0.167843240868961,0.25742194469595,1,0.251726074486271,FALSE
TGFBR3,-1.43875848728446,5.3184274720017e-37,Down_in_Sepsis,6,5,0.833333333333333,0.186321945005392,0.122782446311858,0,0.476190476190476,0,0,0,4,TRUE,0.5,0.0587453408776341,0,0.270309326192771,0.185052157256825,1,0.251675216917888,FALSE
HLA-DMB,-1.24741543437204,2.81079210443015e-35,Down_in_Sepsis,6,5,0.833333333333333,0.213337375448183,0.0837591036414566,0.0017825311942959,0.616279069767442,0,0,0,4,TRUE,0.5,0.0943312708537781,0.00244129272262265,0.213019111417513,0.139880590530032,1,0.249606500930157,FALSE
ITK,-1.47628421008214,2.70198825691552e-32,Down_in_Sepsis,6,5,0.833333333333333,0.191367348423983,0.126346218487395,0.00285714285714286,0.477777777777778,0,0,0,4,TRUE,0.5,0.0653913713058957,0.00391304347826087,0.281544940373443,0.0616817136924622,1,0.243604280338771,FALSE
STAT4,-1.15357545072788,5.51925780697677e-33,Down_in_Sepsis,6,5,0.833333333333333,0.213332660064261,0.156115779645191,0.0192,0.549206349206349,0,0,0,4,TRUE,0.5,0.094325059539751,0.026295652173913,0.184922388094396,0.0797656658823713,1,0.242956790490409,FALSE
CD74,-1.27345902390589,6.24617875401866e-40,Down_in_Sepsis,6,5,0.833333333333333,0.145255686958833,0.0465891472868217,0.0311942959001783,0.574603174603175,0,0,0,5,TRUE,0.5,0.0046510340583579,0.0427226226458963,0.220816848597947,0.261869814232281,1,0.242113212327312,FALSE
NELL2,-1.76456607150253,1.43933949143353e-48,Down_in_Sepsis,6,5,0.833333333333333,0.172939506984377,0.120012698412698,0,0.523809523809524,0,0,0,5,FALSE,0.5,0.0411173966057696,0,0.367859700722463,0.488310268311297,0,0.24134520092123,FALSE
RORA,-1.16633402870796,4.66597272445776e-34,Down_in_Sepsis,6,5,0.833333333333333,0.208524453709132,0.130261437908497,0,0.525396825396825,0,0,0,4,TRUE,0.5,0.0879914756634255,0,0.188742446683303,0.107893949679039,1,0.240498204669427,FALSE
IKZF3,-1.28363660134973,5.01486447987082e-30,Down_in_Sepsis,6,5,0.833333333333333,0.21552336945114,0.165518207282913,0,0.556478405315615,0,0,0,4,TRUE,0.5,0.0972107596586014,0,0.22386412723584,0.00220846033979762,1,0.237963693016936,FALSE
GPR18,-1.13070169112405,9.35216581431189e-32,Down_in_Sepsis,6,5,0.833333333333333,0.210034234995384,0.152654715219421,0.0185714285714286,0.485714285714286,0,0,0,4,TRUE,0.5,0.0899802269159968,0.0254347826086956,0.178073732862472,0.0475452284475512,1,0.237274868240229,FALSE
FLT3LG,-1.23546776504495,1.05326564828875e-35,Down_in_Sepsis,6,5,0.833333333333333,0.176790419207382,0.124862066038537,0.00857142857142857,0.495238095238095,0,0,0,5,TRUE,0.5,0.0461899899520923,0.0117391304347826,0.209441847799136,0.151056281313966,1,0.237139771852112,FALSE
NLRC3,-0.868101852008946,2.48171898415702e-31,Down_in_Sepsis,6,5,0.833333333333333,0.251567909437677,0.261219047619048,0,0.53015873015873,0,0,0,4,TRUE,0.5,0.144690235460385,0,0.0994484524884902,0.0364337776483648,1,0.236967716276226,FALSE
CD5,-1.20380401179686,5.56353975932946e-38,Down_in_Sepsis,6,5,0.833333333333333,0.161105916437517,0.086862015503876,0.0035650623885918,0.522222222222222,0,0,0,5,TRUE,0.5,0.0255296633116919,0.00488258544524529,0.199961371782041,0.210755281149847,1,0.234461020692585,FALSE
TP53,-0.703065287674534,1.68365945445856e-35,Down_in_Sepsis,6,5,0.833333333333333,0.230478947773613,0.164229691876751,0.00802139037433155,0.666666666666667,0,0,0,5,TRUE,0.5,0.116910914503933,0.0109858172518019,0.0500346897593209,0.145715629526465,1,0.233797913355495,FALSE
SH2D2A,-0.960190350484722,4.08914463823914e-31,Down_in_Sepsis,6,5,0.833333333333333,0.230683159390136,0.136377217553688,0.0071301247771836,0.581395348837209,0,0,0,4,TRUE,0.5,0.117179911153878,0.00976517089049058,0.127020761886224,0.0307480290201922,1,0.23374666616469,FALSE
ABLIM1,-1.10429041179508,3.97946692845352e-50,Down_in_Sepsis,6,5,0.833333333333333,0.211467151483567,0.121012138188609,0,0.66031746031746,0,0,0,4,FALSE,0.5,0.0918677284280728,0,0.170165905312868,0.529163852873496,0,0.231001589612702,FALSE
TNFRSF25,-0.881838104598045,1.22693490818901e-31,Down_in_Sepsis,6,5,0.833333333333333,0.220062924601365,0.130018674136321,0.0157333333333333,0.695238095238095,0,0,0,5,TRUE,0.5,0.103190464184904,0.0215478260869565,0.103561237609552,0.0444541034723423,1,0.229168909157182,FALSE
CD40LG,-0.95978040720451,1.01072324482508e-30,Down_in_Sepsis,6,5,0.833333333333333,0.205133891715013,0.161893687707641,0.0125333333333333,0.598412698412699,0,0,0,5,TRUE,0.5,0.0835252761720646,0.0171652173913044,0.126898020358839,0.0204450996910346,1,0.223711578483244,FALSE
KLRG1,-1.32228607171697,1.06122508184252e-36,Down_in_Sepsis,6,5,0.833333333333333,0.256606321701807,0.184799253034547,0,0.762458471760797,1,1,0,5,FALSE,0.5,0.151327056828158,0,0.235436203799826,0.177186685205007,0,0.223432216138922,FALSE
IL10RA,-0.762868716298945,2.30420247455095e-33,Down_in_Sepsis,6,5,0.833333333333333,0.196370755433956,0.106956489262372,0,0.551587301587301,0,0,0,4,TRUE,0.5,0.0719820821915177,0,0.0679404941145882,0.0897110141674862,1,0.215756800191392,FALSE
LRRN3,-1.43923801548975,1.48610115760999e-30,Down_in_Sepsis,6,5,0.833333333333333,0.262406692026117,0.202141549953315,0.00428571428571428,0.723809523809524,1,0,0,5,FALSE,0.5,0.158967563339195,0.0058695652173913,0.270452902212144,0.0160560986771666,0,0.215744248983906,FALSE
MEN1,-0.555982341634517,3.62868781439474e-32,Down_in_Sepsis,6,5,0.833333333333333,0.216506323478416,0.13764070961718,0.00714285714285714,0.602990033222591,0,0,0,4,TRUE,0.5,0.0985055505470353,0.00978260869565217,0.00599643783351319,0.0583243161926749,1,0.212750953762753,FALSE
RCAN3,-0.949659258316124,4.32670019974588e-36,Down_in_Sepsis,6,5,0.833333333333333,0.271035731295102,0.224247619047619,0,0.719269102990033,1,0,0,4,FALSE,0.5,0.170334118754174,0,0.12386763705115,0.161185694929833,0,0.210798950676908,FALSE
ARL4C,-1.23490788298263,2.32696830044781e-42,Down_in_Sepsis,6,5,0.833333333333333,0.194674962905059,0.0969023342670401,0,0.559800664451827,0,0,0,4,FALSE,0.5,0.0697483086332832,0,0.209274212951092,0.325544153522668,0,0.209870039884916,FALSE
CD4,-0.776210754946353,5.14542319656085e-30,Down_in_Sepsis,6,5,0.833333333333333,0.196719904668468,0.128675968992248,0.0035650623885918,0.612698412698413,0,0,0,5,TRUE,0.5,0.0724419971366773,0.00488258544524529,0.0719352472452371,0.00191583866460651,1,0.208446857911036,FALSE
SIRPG,-0.563208991221598,1.64694804895939e-30,Down_in_Sepsis,6,5,0.833333333333333,0.209923109144997,0.196780952380952,0.0142602495543672,0.495238095238095,0,0,0,4,TRUE,0.5,0.0898338469892068,0.0195303417809812,0.00816017621150855,0.0148860332053075,1,0.207592335116166,FALSE
BCL9L,-0.957641333292847,9.67193467382882e-54,Down_in_Sepsis,6,5,0.833333333333333,0.141724805872549,0.0696146179401994,0,0.517460317460317,0,0,0,5,FALSE,0.5,0,0,0.126257558100325,0.623917077133099,0,0.206330341428359,FALSE
NMT2,-0.947173691844731,1.44935827639836e-35,Down_in_Sepsis,6,5,0.833333333333333,0.248983974722142,0.15016339869281,0.00373333333333333,0.722591362126246,1,0,0,5,FALSE,0.5,0.141286561399197,0.00511304347826087,0.123123431108908,0.147421735237967,0,0.201363613131631,FALSE
PASK,-1.02756859500275,1.03404275540109e-38,Down_in_Sepsis,6,5,0.833333333333333,0.203295824902665,0.146684593837535,0.0128571428571429,0.511111111111111,0,0,0,4,FALSE,0.5,0.0811040925816633,0.0176086956521739,0.14719454944142,0.229914354397199,0,0.197043149978258,FALSE
TIAM1,-0.86773197170615,2.72455774534175e-30,Down_in_Sepsis,6,5,0.833333333333333,0.276453209707656,0.175245564892624,0,0.817275747508306,1,1,1,5,FALSE,0.5,0.177470262960525,0,0.0993377062572277,0.00915476690774282,0,0.194057211517516,FALSE
GIMAP5,-1.15508521364783,6.8669714723611e-39,Down_in_Sepsis,6,5,0.833333333333333,0.182724709672452,0.0922666666666666,0.0053475935828877,0.552380952380952,0,0,0,4,FALSE,0.5,0.0540069020459155,0.00732387816786794,0.185374427719703,0.234574879286447,0,0.193564304425555,FALSE
HMGN3,-0.792848283397962,6.64309948702259e-31,Down_in_Sepsis,6,5,0.833333333333333,0.27293356534533,0.127166199813259,0.0115864527629234,0.928571428571429,1,1,1,5,FALSE,0.5,0.172834030416169,0.0158684026970472,0.0769167062729574,0.0252232889295577,0,0.193290304363307,FALSE
OXNAD1,-0.99612510612033,1.15530159415538e-33,Down_in_Sepsis,6,5,0.833333333333333,0.230240178608441,0.1558229352347,0.00613333333333334,0.63953488372093,0,0,0,4,FALSE,0.5,0.116596397109504,0.0084,0.137780022998269,0.0975712692450768,0,0.191663049507099,FALSE
CDC25B,-1.21232500593893,9.13501740767374e-34,Down_in_Sepsis,6,5,0.833333333333333,0.206503091365745,0.12645138427464,0,0.615873015873016,0,0,0,5,FALSE,0.5,0.0853288470238222,0,0.202512651157318,0.10024494625829,0,0.191000046406573,FALSE
KLF12,-0.981601824737714,1.51091177683159e-37,Down_in_Sepsis,6,5,0.833333333333333,0.201279915170202,0.134218113912232,0,0.541269841269841,0,0,0,4,FALSE,0.5,0.0784486463643782,0,0.133431592799277,0.199380423738702,0,0.188487375203075,FALSE
MAP4K1,-0.971347532623538,1.02339174499737e-38,Down_in_Sepsis,6,5,0.833333333333333,0.187179812587473,0.143067226890756,0.00089126559714795,0.533333333333333,0,0,0,5,FALSE,0.5,0.0598753623210972,0.00122064636131132,0.130361344945239,0.230032237454156,0,0.185703131137727,FALSE
APOL3,-0.877601133102856,1.04317787966592e-30,Down_in_Sepsis,6,5,0.833333333333333,0.241969390866518,0.161874509803922,0.0089126559714795,0.634551495016611,0,0,0,4,FALSE,0.5,0.132046638665905,0.0122064636131132,0.102292641738098,0.0200852542017737,0,0.183797382822631,FALSE
MAN1C1,-0.935752771451124,4.40228888713677e-37,Down_in_Sepsis,6,5,0.833333333333333,0.196450347524493,0.115976097105509,0,0.568106312292359,0,0,0,4,FALSE,0.5,0.0720869244432992,0,0.119703881915343,0.187204623973127,0,0.183302122017604,FALSE
SIDT1,-0.98296362819918,2.83706776151295e-32,Down_in_Sepsis,6,5,0.833333333333333,0.218741605620402,0.165729971988795,0.00623885918003565,0.528571428571429,0,0,0,4,FALSE,0.5,0.101449963887036,0.00854452452917926,0.133839331735191,0.0611262923848428,0,0.182905196844251,FALSE
TTC3,-0.842265090685897,3.92707528804452e-33,Down_in_Sepsis,6,5,0.833333333333333,0.231337822364088,0.147189915966387,0,0.63015873015873,0,0,0,4,FALSE,0.5,0.11804226242377,0,0.0917126419494368,0.0836407086384985,0,0.182533645883396,FALSE
KLRK1,-1.60616481218057,4.11375865950219e-39,Down_in_Sepsis,6,4,0.666666666666667,0.285649298798683,0.145224089635854,0.0089126559714795,0.789036544850498,1,1,0,5,TRUE,0,0.189583761693803,0.0122064636131132,0.32043262130098,0.240408658918303,1,0.180811857137085,FALSE
ATP6V0E2,-0.91107486509669,1.14071584945323e-31,Down_in_Sepsis,6,5,0.833333333333333,0.226201657773751,0.182900432900433,0,0.602990033222591,0,0,0,4,FALSE,0.5,0.111276677331771,0,0.112315045301053,0.0452836876022488,0,0.179758628754914,FALSE
ZNF331,-0.588657198788688,8.95682613302971e-34,Down_in_Sepsis,6,5,0.833333333333333,0.243129203967234,0.110729140140905,0.01,0.81063122923588,1,1,1,5,FALSE,0.5,0.133574396214499,0.013695652173913,0.0157796494820185,0.100469231333072,0,0.179540537246047,FALSE
USP11,-0.790051529063273,4.29402231135257e-35,Down_in_Sepsis,6,5,0.833333333333333,0.209510704991416,0.151111959935489,0.00285714285714286,0.556478405315615,0,0,0,4,FALSE,0.5,0.0892906098432257,0.00391304347826087,0.0760793272614429,0.135055891944428,0,0.177291627758366,FALSE
SPOCK2,-0.931099552119781,6.74521417359583e-37,Down_in_Sepsis,6,5,0.833333333333333,0.180650771410279,0.160812698412698,0,0.487301587301587,0,0,0,5,FALSE,0.5,0.0512750180609891,0,0.118310656863106,0.182346325923864,0,0.176363736540149,FALSE
WDR54,-0.824136463960674,7.7445782689302e-31,Down_in_Sepsis,6,5,0.833333333333333,0.224146602366575,0.14390289449113,0.00445632798573975,0.574750830564784,0,0,0,4,FALSE,0.5,0.108569666685699,0.00610323180655661,0.0862847316968294,0.023476587080381,0,0.173776753239256,FALSE
HVCN1,-0.970178365390002,2.87099089542953e-31,Down_in_Sepsis,6,5,0.833333333333333,0.194615463737762,0.132172549019608,0.0017825311942959,0.578073089700997,0,0,0,5,FALSE,0.5,0.0696699336762177,0.00244129272262265,0.130011283414925,0.0347748422399136,0,0.169246350747489,FALSE
DDX24,-1.0432870905701,2.39812839420049e-32,Down_in_Sepsis,6,5,0.833333333333333,0.177619374778335,0.149618161683278,0,0.495238095238095,0,0,0,5,FALSE,0.5,0.0472819272049053,0,0.151900839914425,0.0630399977536658,0,0.168273703924002,FALSE
TSEN54,-0.771299315490507,1.31018718920436e-33,Down_in_Sepsis,6,5,0.833333333333333,0.193259490218451,0.142142857142857,0.0035650623885918,0.541269841269841,0,0,0,5,FALSE,0.5,0.0678837848747057,0.00488258544524529,0.0704647082473572,0.0961388735224944,0,0.166281116868552,FALSE
CNNM3,-0.631021793979969,1.09695908828188e-30,Down_in_Sepsis,6,5,0.833333333333333,0.227002624512337,0.0995977591036414,0,0.749169435215947,1,0,0,5,FALSE,0.5,0.112331746446176,0,0.0284640752839119,0.0195129022701005,0,0.16492042545345,FALSE
LCK,-1.30683451611769,1.00428834490184e-43,Down_in_Sepsis,6,4,0.666666666666667,0.207662253701105,0.112128851540616,0.0035650623885918,0.515873015873016,0,0,0,4,TRUE,0,0.0868557473552618,0.00488258544524529,0.230809838089544,0.361327375441858,1,0.147543325280983,FALSE
TCF7,-1.3162927640397,1.03443784010141e-42,Down_in_Sepsis,6,4,0.666666666666667,0.182678598637012,0.12641568627451,0.0035650623885918,0.498412698412699,0,0,0,4,TRUE,0,0.0539461625332953,0.00488258544524529,0.233641741556129,0.33477448404809,1,0.135439946215004,FALSE
BACH2,-1.09873937972257,1.20847416269933e-31,Down_in_Sepsis,6,4,0.666666666666667,0.269659977404163,0.184729225023343,0.016934046345811,0.644444444444444,0,0,0,4,TRUE,0,0.168521914364871,0.0231922808649151,0.168503865250175,0.0446267144263282,1,0.133773667669358,FALSE
LY9,-1.01145933171465,8.66147688799763e-41,Down_in_Sepsis,6,4,0.666666666666667,0.222622132207358,0.161637382225617,0.0032,0.508305647840532,0,0,0,4,TRUE,0,0.106561566594475,0.00438260869565217,0.14237125881446,0.284363833730989,1,0.132417933477958,FALSE
GATA3,-1.19274536072256,1.2046350487024e-38,Down_in_Sepsis,6,4,0.666666666666667,0.207740430952743,0.0750946778711484,0,0.576411960132891,0,0,0,4,TRUE,0,0.0869587259181398,0,0.196650290007563,0.228175780023348,1,0.128402739278911,FALSE
FCRL3,-1.05569644954826,1.15900621561949e-33,Down_in_Sepsis,6,4,0.666666666666667,0.2432515316674,0.153747899159664,0.0249554367201426,0.596825396825397,0,0,0,4,TRUE,0,0.133735531717466,0.034178098116717,0.155616338492821,0.0975348185505536,1,0.128343306861726,FALSE
HLA-DRA,-1.23118253799358,1.81658368361435e-31,Down_in_Sepsis,6,4,0.666666666666667,0.231036307837676,0.106746031746032,0.0298666666666666,0.563492063492063,0,0,0,4,TRUE,0,0.117645094040819,0.0409043478260869,0.208158803683361,0.0399859883062619,1,0.126651599769289,FALSE
IKZF2,-0.785090683752966,1.10970158722439e-30,Down_in_Sepsis,6,4,0.666666666666667,0.305650793124391,0.180830999066293,0.00089126559714795,0.848837209302326,1,1,1,5,FALSE,0,0.215930622166753,0.00122064636131132,0.0745939956072835,0.0193814080701774,0,0.0780895237523328,FALSE
DDHD2,-0.771891962075157,6.70563487377149e-31,Down_in_Sepsis,6,4,0.666666666666667,0.298902044745547,0.219648179271709,0,0.789036544850498,1,1,0,4,FALSE,0,0.207040869780806,0,0.070642153153789,0.0251166117203557,0,0.0752202450793459,FALSE
TBC1D4,-1.15197120050398,1.55271294215003e-34,Down_in_Sepsis,6,4,0.666666666666667,0.226776788930277,0.152597402597403,0.00746666666666667,0.53015873015873,0,0,0,4,FALSE,0,0.112034265744311,0.0102260869565217,0.184442057930946,0.120421349312,0,0.0748526363876136,FALSE
DYRK2,-1.00069218297227,5.1835375350527e-34,Down_in_Sepsis,6,4,0.666666666666667,0.243503932425683,0.152525676937442,0,0.573089700996678,0,0,0,4,FALSE,0,0.134068005254366,0,0.139147456044623,0.106696291102594,0,0.0717621490932625,FALSE
ESYT1,-0.998716714582041,1.42991204060998e-32,Down_in_Sepsis,6,4,0.666666666666667,0.251584367286966,0.194703267973856,0,0.65,0,0,0,4,FALSE,0,0.144711914473556,0,0.138555979078852,0.0689271710844524,0,0.0710896883123399,FALSE
ARHGEF9,-0.611792358014994,8.65973504526514e-35,Down_in_Sepsis,6,4,0.666666666666667,0.270612877258021,0.131713538748833,0.0035650623885918,0.732558139534884,1,0,0,5,FALSE,0,0.169777116555539,0.00488258544524529,0.022706570636253,0.127069405156293,0,0.0677784488945158,FALSE
SYNE2,-0.77326547930759,5.84569211396687e-31,Down_in_Sepsis,6,4,0.666666666666667,0.272079563401588,0.123130532212885,0,0.682724252491695,0,0,0,5,FALSE,0,0.171709100963949,0,0.0710533993215798,0.0266791963854704,0,0.0648386598259689,FALSE
KDM2B,-0.718876854552732,1.25338272710059e-31,Down_in_Sepsis,6,4,0.666666666666667,0.269315456828726,0.130340242763772,0,0.745847176079734,1,0,0,5,FALSE,0,0.168068096495901,0,0.0547688468065587,0.0442112849895293,0,0.063056884468707,FALSE
CLSTN1,-0.704434472133042,4.103436779429e-31,Down_in_Sepsis,6,4,0.666666666666667,0.244816774217321,0.117007469654528,0.0133689839572193,0.7,1,0,0,5,FALSE,0,0.135797339020338,0.0183096954196698,0.0504446386469389,0.0307083044056926,0,0.0541231822566618,FALSE
