figure_id,proposed_title,main_content,manuscript_role,source_outputs
Figure 1,"Study design, cohort inclusion and analysis workflow","Cohort flow, data harmonization, nested LODO design, scRNA localization module",Main,"T15b, T20"
Figure 2,Nested leave-one-dataset-out diagnostic performance,Per-dataset ROC/AUPRC summaries and selected-gene recurrence,Main,"T14, T20"
Figure 3,Calibration and threshold transportability across held-out datasets,"Observed versus predicted probability, calibration bins, fixed versus local thresholds",Main,"T17, T20"
Figure 4,Functional enrichment of sepsis-associated differential expression,"GO biological process terms showing myeloid activation, bacterial response and adaptive immune suppression patterns",Main or Supplement depending on journal figure limit,T05 enrichment outputs
Figure 5,Single-cell localization of the transported host-response signature,"UMAP by broad cell type, module score UMAP, violin by cell type, signature gene dotplot",Main,"T19, F19 outputs"
Supplementary Figure 1,Quality control and PCA/UMAP diagnostics for bulk and scRNA-seq data,"QC summaries, PCA/UMAP by sample and group",Supplement,"T03, T18"
Supplementary Figure 2,Candidate gene selection and nested-fold gene recurrence,"Priority gene selection, selected genes by fold, recurrent genes",Supplement,"T07, T14"
Supplementary Figure 3,Exploratory decision-curve analysis,Net-benefit curves by held-out dataset and pooled nested LODO predictions,Supplement,T17
Supplementary Figure 4,Canonical marker-based coarse cell-type annotation,Canonical marker dotplot and cluster annotation table,Supplement,T19
